election_id,region_id,region_name,source_type,source_url,sha256,bytes
vic_lc_2014,eastern-metropolitan-region,Eastern Metropolitan Region,region-result-page,https://itsitecoreblobvecprd01.blob.core.windows.net/public-files/historical-results/state2014/easternmetropolitanregion.html,94ef7c668d6806874b27aa9ad2ea8936d374860dc603f17b00ed59b9b48e3f73,12287
vic_lc_2014,eastern-metropolitan-region,Eastern Metropolitan Region,distribution-workbook,https://itsitecoreblobvecprd01.blob.core.windows.net/public-files/historical-results/state2014/files/state2014/easternmetropolitanregiondistributions.xls,d671ee7f4190df51dd7eda4de8b113c03128e83ceeaae6dbd0470c76d227549a,222208
vic_lc_2014,eastern-victoria-region,Eastern Victoria Region,region-result-page,https://itsitecoreblobvecprd01.blob.core.windows.net/public-files/historical-results/state2014/easternvictoriaregion.html,b346ba1831b46d2114437616aef18a7ae4bfe4d0542db4a5e71ed9e5d2173ac4,13620
vic_lc_2014,eastern-victoria-region,Eastern Victoria Region,distribution-workbook,https://itsitecoreblobvecprd01.blob.core.windows.net/public-files/historical-results/state2014/files/state2014/easternvictoriaregiondistributions.xls,1953edfaeebf83a7b4d680200892c5aae1f0631238572103d5447627cd5d82aa,271360
vic_lc_2014,northern-metropolitan-region,Northern Metropolitan Region,region-result-page,https://itsitecoreblobvecprd01.blob.core.windows.net/public-files/historical-results/state2014/northernmetropolitanregion.html,9b07cc6085d646b55e50b786cd81da1df54803f4c41456ffc6972bb60cf0ed80,14826
vic_lc_2014,northern-metropolitan-region,Northern Metropolitan Region,distribution-workbook,https://itsitecoreblobvecprd01.blob.core.windows.net/public-files/historical-results/state2014/files/state2014/northernmetropolitanregiondistributions.xls,e7b37230f3d2b50fd826ea4ceab206066e4873f27344f39503ff82e516552657,403968
vic_lc_2014,northern-victoria-region,Northern Victoria Region,region-result-page,https://itsitecoreblobvecprd01.blob.core.windows.net/public-files/historical-results/state2014/northernvictoriaregion.html,c17d00455429f87efafbfa67de25348f6e375070d484d99aefd21506c63dd620,11857
vic_lc_2014,northern-victoria-region,Northern Victoria Region,distribution-workbook,https://itsitecoreblobvecprd01.blob.core.windows.net/public-files/historical-results/state2014/files/state2014/northernvictoriaregiondistributions.xls,7a05f236757981db229a63b665c38a761289a8075aa1322cd48205a1e93f7870,204288
vic_lc_2014,south-eastern-metropolitan-region,South-Eastern Metropolitan Region,region-result-page,https://itsitecoreblobvecprd01.blob.core.windows.net/public-files/historical-results/state2014/south-easternmetropolitanregion.html,d75e42fafa59624a56a26270d0a9d42078dce7071c9a6c2b2ec072b934a6112d,12716
vic_lc_2014,south-eastern-metropolitan-region,South-Eastern Metropolitan Region,distribution-workbook,https://itsitecoreblobvecprd01.blob.core.windows.net/public-files/historical-results/state2014/files/state2014/south-easternmetropolitanregiondistributions.xls,5fab46d21424f2774da980987a225450d97195645602a441e250b1a6deeb8496,272896
vic_lc_2014,southern-metropolitan-region,Southern Metropolitan Region,region-result-page,https://itsitecoreblobvecprd01.blob.core.windows.net/public-files/historical-results/state2014/southernmetropolitanregion.html,7ee144ddb6b10af438fd123b1e8ae89a40f5f504b1ee7691c5fa8ea1effaf78a,14057
vic_lc_2014,southern-metropolitan-region,Southern Metropolitan Region,distribution-workbook,https://itsitecoreblobvecprd01.blob.core.windows.net/public-files/historical-results/state2014/files/state2014/southernmetropolitanregiondistributions.xls,209a7b1ebde8afc3bae27b95f542df53effad52fcc6428c9d006edf0d620f3ab,290816
vic_lc_2014,western-metropolitan-region,Western Metropolitan Region,region-result-page,https://itsitecoreblobvecprd01.blob.core.windows.net/public-files/historical-results/state2014/westernmetropolitanregion.html,5cfd31ee5be8a02c8f0b4c531a83bf369ba2438d41f72a6a8951e270e504ab3b,12890
vic_lc_2014,western-metropolitan-region,Western Metropolitan Region,distribution-workbook,https://itsitecoreblobvecprd01.blob.core.windows.net/public-files/historical-results/state2014/files/state2014/westernmetropolitanregiondistributions.xls,3952e50ab356d1c057626ae3c3c21b9613abef5ab13371d7c90edc9aece39101,243712
vic_lc_2014,western-victoria-region,Western Victoria Region,region-result-page,https://itsitecoreblobvecprd01.blob.core.windows.net/public-files/historical-results/state2014/westernvictoriaregion.html,0bf780545c27ebb49f6debe62f5bb361bf257053f8de6eda8d7a19226eae1337,13240
vic_lc_2014,western-victoria-region,Western Victoria Region,distribution-workbook,https://itsitecoreblobvecprd01.blob.core.windows.net/public-files/historical-results/state2014/files/state2014/westernvictoriaregiondistributions.xls,17304acba527dd7d5ce2d112e02db4b3b60a5d09d30b394e9373e2891412c16e,317440
vic_lc_2018,eastern-metropolitan-region,Eastern Metropolitan Region,region-result-page,https://itsitecoreblobvecprd01.blob.core.windows.net/public-files/historical-results/state2018/easternmetropolitanregion.html,0f7af29e0945a378e2ceec940f2d0ef0b5ab04787b18acaf6c5e6b768a9b721c,13682
vic_lc_2018,eastern-metropolitan-region,Eastern Metropolitan Region,distribution-workbook,https://itsitecoreblobvecprd01.blob.core.windows.net/public-files/historical-results/state2018/files/easternmetropolitanregiondistributions.xls,6f9fc14f52fcfc2c33fb27afac8524fd0fe5dd09eb8b2905bf1edecbde9c3b5c,303616
vic_lc_2018,eastern-victoria-region,Eastern Victoria Region,region-result-page,https://itsitecoreblobvecprd01.blob.core.windows.net/public-files/historical-results/state2018/easternvictoriaregion.html,73035e23597d7881c94f1a6220fd709cad036e971e14d550706face55f44e681,14069
vic_lc_2018,eastern-victoria-region,Eastern Victoria Region,distribution-workbook,https://itsitecoreblobvecprd01.blob.core.windows.net/public-files/historical-results/state2018/files/easternvictoriaregiondistributions.xls,64e5c5f6a9cc1652aa35f5c6ea1500e3904c04beb857cf3e1c2a6b1a36b2bf3a,259584
vic_lc_2018,northern-metropolitan-region,Northern Metropolitan Region,region-result-page,https://itsitecoreblobvecprd01.blob.core.windows.net/public-files/historical-results/state2018/northernmetropolitanregion.html,0ad52789a33d75c5b05051ad40772b472b16b2b28d9888e8e15ff48a161fcf72,15301
vic_lc_2018,northern-metropolitan-region,Northern Metropolitan Region,distribution-workbook,https://itsitecoreblobvecprd01.blob.core.windows.net/public-files/historical-results/state2018/files/northernmetropolitanregiondistributions.xls,c1d5c37990c5411584097eada4cb7e8d13c2d79ff3ee8a9464de3bb1cf4d0f32,286720
vic_lc_2018,northern-victoria-region,Northern Victoria Region,region-result-page,https://itsitecoreblobvecprd01.blob.core.windows.net/public-files/historical-results/state2018/northernvictoriaregion.html,d35a6d1b6da626a814f31455b9a9ad72e39eb791563a238bf94a52bf3d71e6d6,13853
vic_lc_2018,northern-victoria-region,Northern Victoria Region,distribution-workbook,https://itsitecoreblobvecprd01.blob.core.windows.net/public-files/historical-results/state2018/files/northernvictoriaregiondistributions.xls,46eacd97fd2910e25ed36e6b7c0229159ced1bb8549eaa96c3132c7ee9aea047,218112
vic_lc_2018,south-eastern-metropolitan-region,South-Eastern Metropolitan Region,region-result-page,https://itsitecoreblobvecprd01.blob.core.windows.net/public-files/historical-results/state2018/south-easternmetropolitanregion.html,39a1e82c3af644a7d9b0bd1d735f7d050e7227dee04184ee04f05c3aa6839546,15423
vic_lc_2018,south-eastern-metropolitan-region,South-Eastern Metropolitan Region,distribution-workbook,https://itsitecoreblobvecprd01.blob.core.windows.net/public-files/historical-results/state2018/files/south-easternmetropolitanregiondistributions.xls,dea9b0ed8b1eae3f3fc4ee30c01d7bb7b073e793c47b770809532808097cc890,326656
vic_lc_2018,southern-metropolitan-region,Southern Metropolitan Region,region-result-page,https://itsitecoreblobvecprd01.blob.core.windows.net/public-files/historical-results/state2018/southernmetropolitanregion.html,cbcc7bda1d82800eabe353a2cff6a18280482e196bd98792f0777c9602af21db,13883
vic_lc_2018,southern-metropolitan-region,Southern Metropolitan Region,distribution-workbook,https://itsitecoreblobvecprd01.blob.core.windows.net/public-files/historical-results/state2018/files/southernmetropolitanregiondistributions.xls,9bf74fab70a63be53d78dbbc2e3e926a20f59a541026c0fbc7a74490ba8a5f9a,304640
vic_lc_2018,western-metropolitan-region,Western Metropolitan Region,region-result-page,https://itsitecoreblobvecprd01.blob.core.windows.net/public-files/historical-results/state2018/westernmetropolitanregion.html,bf955809c4d42354a5325af426abd2bbdfab613a8a235483a27fb1a8fe9b11f9,14485
vic_lc_2018,western-metropolitan-region,Western Metropolitan Region,distribution-workbook,https://itsitecoreblobvecprd01.blob.core.windows.net/public-files/historical-results/state2018/files/westernmetropolitanregiondistributions.xls,f8e3ecf1be8937b3ce6c6491eefbbf376f1faef9750f298eec15c945c4a4e0ad,287744
vic_lc_2018,western-victoria-region,Western Victoria Region,region-result-page,https://itsitecoreblobvecprd01.blob.core.windows.net/public-files/historical-results/state2018/westernvictoriaregion.html,4d0d30d63be5961ac3386feae628044b67176aec2b41044fbf4128a84e6a2cbc,13891
vic_lc_2018,western-victoria-region,Western Victoria Region,distribution-workbook,https://itsitecoreblobvecprd01.blob.core.windows.net/public-files/historical-results/state2018/files/westernvictoriaregiondistributions.xls,899b40bc0bfc5033000272583938152860eabd0f503e785606e0f1fcdd1e6686,265728
vic_lc_2022,eastern-victoria-region,Eastern Victoria Region,region-result-page,https://www.vec.vic.gov.au/results/state-election-results/2022-state-election-results/results-by-region/eastern-victoria-region-results,579a8a8c61d56298ea64d0c622eb896a9a089e33b7bac3f8efa72fa2a844dfd2,141712
vic_lc_2022,eastern-victoria-region,Eastern Victoria Region,distribution-workbook,https://itsitecoreblobvecprd01.blob.core.windows.net/public-files/State/Reports/Eastern Victoria Region-Distribution of Preferences.xls,a53d4b5e958eef87e93f64007ccbda9c3791fc13722978a1dd1cc4b3c73897a0,403456
vic_lc_2022,north-eastern-metropolitan-region,North-Eastern Metropolitan Region,region-result-page,https://www.vec.vic.gov.au/results/state-election-results/2022-state-election-results/results-by-region/north-eastern-metropolitan-region-results,cdf5e00547fd5566e395f4fca10ad3069a18bd35b0fbab130af1a28bacb3c031,141840
vic_lc_2022,north-eastern-metropolitan-region,North-Eastern Metropolitan Region,distribution-workbook,https://itsitecoreblobvecprd01.blob.core.windows.net/public-files/State/Reports/North-Eastern Metropolitan Region-Distribution of Preferences.xls,dc25cbb935b57fe9d84cde83608cd629839954cb011a1b03e24489198df4c670,342016
vic_lc_2022,northern-metropolitan-region,Northern Metropolitan Region,region-result-page,https://www.vec.vic.gov.au/results/state-election-results/2022-state-election-results/results-by-region/northern-metropolitan-region-results,f494409b79bd495eb206e76b6f8f190053d1c1d3f170e1549b38024a85d7fe0c,142556
vic_lc_2022,northern-metropolitan-region,Northern Metropolitan Region,distribution-workbook,https://itsitecoreblobvecprd01.blob.core.windows.net/public-files/State/Reports/Northern Metropolitan Region-Distribution of Preferences.xls,c8e91a8442c7f19569be3d88be4f576432d57120299dd28078cd472bbb71c087,420864
vic_lc_2022,northern-victoria-region,Northern Victoria Region,region-result-page,https://www.vec.vic.gov.au/results/state-election-results/2022-state-election-results/results-by-region/northern-victoria-region-results,911b87249d5d43e91aa52262642da2be5d38f0b263a5500705a01fc4471515e8,141343
vic_lc_2022,northern-victoria-region,Northern Victoria Region,distribution-workbook,https://itsitecoreblobvecprd01.blob.core.windows.net/public-files/State/Reports/Northern Victoria Region-Distribution of Preferences.xls,95e0f026ac5b873aead4cc6098ba51fc984afc9aa72682718d8dde864124af03,387072
vic_lc_2022,south-eastern-metropolitan-region,South-Eastern Metropolitan Region,region-result-page,https://www.vec.vic.gov.au/results/state-election-results/2022-state-election-results/results-by-region/south-eastern-metropolitan-region-results,e0e190fb90e304ec1ae521f46b8ae6aa4eb24beef3c65a3f147a3bcf8544ee02,141918
vic_lc_2022,south-eastern-metropolitan-region,South-Eastern Metropolitan Region,distribution-workbook,https://itsitecoreblobvecprd01.blob.core.windows.net/public-files/State/Reports/South-Eastern Metropolitan Region-Distribution of Preferences.xls,9bbb35568afb07132b5f0a3333a2ebb675baf84857d11a57b6dd66e656144b71,374272
vic_lc_2022,southern-metropolitan-region,Southern Metropolitan Region,region-result-page,https://www.vec.vic.gov.au/results/state-election-results/2022-state-election-results/results-by-region/southern-metropolitan-region-results,5b84bf394d79df6a7f56f2f407af48bd04f38986d000b113e94a9590a775a12d,141049
vic_lc_2022,southern-metropolitan-region,Southern Metropolitan Region,distribution-workbook,https://itsitecoreblobvecprd01.blob.core.windows.net/public-files/State/Reports/Southern Metropolitan Region-Distribution of Preferences.xls,5f1b804072ca20820e4b0a2ecc8d1dbef10cba56153eeb35cde8cb22408c0b2a,353280
vic_lc_2022,western-metropolitan-region,Western Metropolitan Region,region-result-page,https://www.vec.vic.gov.au/results/state-election-results/2022-state-election-results/results-by-region/western-metropolitan-region-results,2f28ed54bbc057cfd21853a039c0425b8a0d32c7a4bb536b3dc0ad257d05435c,143927
vic_lc_2022,western-metropolitan-region,Western Metropolitan Region,distribution-workbook,https://itsitecoreblobvecprd01.blob.core.windows.net/public-files/State/Reports/Western Metropolitan Region-Distribution of Preferences.xls,330199827f7d76e263c1a869197faa81298e7e31d35449c0b1de70ad38d4bd3c,448512
vic_lc_2022,western-victoria-region,Western Victoria Region,region-result-page,https://www.vec.vic.gov.au/results/state-election-results/2022-state-election-results/results-by-region/western-victoria-region-results,5d23a05e96539a5a7714221fec736afec9fe421463cb112c883c4fb4de573dfb,142150
vic_lc_2022,western-victoria-region,Western Victoria Region,distribution-workbook,https://itsitecoreblobvecprd01.blob.core.windows.net/public-files/State/Reports/Western Victoria Region-Distribution of Preferences.xls,0abe54e58d12f47c3688e265d52a9b30c896ec8d73c95940b8814b38a5d6ff15,407040
