seats,probability
0,0.0
1,0.0
2,0.0
3,0.0
4,0.0
5,0.0
6,0.0
7,0.0
8,0.0
9,0.0
10,0.0
11,0.0
12,0.0
13,0.0002
14,0.0002
15,0.0002
16,0.0004
17,0.0006
18,0.0012
19,0.0018
20,0.0016
21,0.0042
22,0.0048
23,0.005
24,0.0082
25,0.0068
26,0.0136
27,0.0188
28,0.0182
29,0.0282
30,0.0262
31,0.0308
32,0.0372
33,0.0426
34,0.046
35,0.0446
36,0.0528
37,0.0494
38,0.0644
39,0.0536
40,0.0594
41,0.0536
42,0.0514
43,0.0392
44,0.0418
45,0.0348
46,0.0318
47,0.0252
48,0.0246
49,0.0192
50,0.0158
51,0.0124
52,0.0096
53,0.0062
54,0.0046
55,0.0044
56,0.0012
57,0.0016
58,0.001
59,0.0006
60,0.0
61,0.0
62,0.0
63,0.0
64,0.0
65,0.0
66,0.0
67,0.0
68,0.0
69,0.0
70,0.0
71,0.0
72,0.0
73,0.0
74,0.0
75,0.0
76,0.0
77,0.0
78,0.0
79,0.0
80,0.0
81,0.0
82,0.0
83,0.0
84,0.0
85,0.0
86,0.0
87,0.0
88,0.0
