election_id,district_id,district_name,source_url,source_sha256,retrieved_sha256,outcome_source_url,outcome_source_sha256,elected_candidate,elected_party_raw,elected_party_family,finalist_1_candidate,finalist_1_party_raw,finalist_1_party_family,finalist_1_votes,finalist_1_percent,finalist_2_candidate,finalist_2_party_raw,finalist_2_party_family,finalist_2_votes,finalist_2_percent,winner_party_family,final_pair_family_label,final_pair_available,final_pair_selection_rule,outcome_table_kind,alp_won
vic_la_2014,albert-park,Albert Park,https://itsitecoreblobvecprd01.blob.core.windows.net/public-files/historical-results/state2014/albertparkdistrict.html,c75a9f86e39c11fba8d491128b59b0bd3b858669976c0d581192fa168d52e130,c75a9f86e39c11fba8d491128b59b0bd3b858669976c0d581192fa168d52e130,https://itsitecoreblobvecprd01.blob.core.windows.net/public-files/historical-results/state2014/albertparkdistrict.html,c75a9f86e39c11fba8d491128b59b0bd3b858669976c0d581192fa168d52e130,"FOLEY, Martin",AUSTRALIAN LABOR PARTY,ALP,"FOLEY, Martin",AUSTRALIAN LABOR PARTY,ALP,19370,52.96,"EELES, Shannon",LIBERAL,Coalition,17206,47.04,ALP,ALP-Coalition,True,governed-vec-final-total-parser,results-after-distribution,1
vic_la_2014,altona,Altona,https://itsitecoreblobvecprd01.blob.core.windows.net/public-files/historical-results/state2014/altonadistrict.html,3d967abab5628420d3909256c7a7148db9879b8190c731a7bab4ab9b11843ded,3d967abab5628420d3909256c7a7148db9879b8190c731a7bab4ab9b11843ded,https://itsitecoreblobvecprd01.blob.core.windows.net/public-files/historical-results/state2014/altonadistrict.html,3d967abab5628420d3909256c7a7148db9879b8190c731a7bab4ab9b11843ded,"HENNESSY, Jill",AUSTRALIAN LABOR PARTY,ALP,,,,,,,,,,,ALP,,False,not-available-on-official-early-majority-page,final-pair-unavailable-early-majority,1
vic_la_2014,bass,Bass,https://itsitecoreblobvecprd01.blob.core.windows.net/public-files/historical-results/state2014/bassdistrict.html,40d251eff377df0f7021fccad96928fe7d7b2eaf4500fdd805a3123d9c2f1aac,40d251eff377df0f7021fccad96928fe7d7b2eaf4500fdd805a3123d9c2f1aac,https://itsitecoreblobvecprd01.blob.core.windows.net/public-files/historical-results/state2014/bassdistrict.html,40d251eff377df0f7021fccad96928fe7d7b2eaf4500fdd805a3123d9c2f1aac,"PAYNTER, Brian",LIBERAL,Coalition,"PAYNTER, Brian",LIBERAL,Coalition,21664,54.55,"NATHAN, Sanjay",AUSTRALIAN LABOR PARTY,ALP,18049,45.45,Coalition,Coalition-ALP,True,governed-vec-final-total-parser,results-after-distribution,0
vic_la_2014,bayswater,Bayswater,https://itsitecoreblobvecprd01.blob.core.windows.net/public-files/historical-results/state2014/bayswaterdistrict.html,0e01050b005a5229350fe3a93cc46a41351da9922fd51bc4741b803a20bb43fb,0e01050b005a5229350fe3a93cc46a41351da9922fd51bc4741b803a20bb43fb,https://itsitecoreblobvecprd01.blob.core.windows.net/public-files/historical-results/state2014/distributionbayswaterdistrict.html,47578025b8d3de6116a5e3361f49b1f8e0bda968f7c99d4eb96371c7e1245b88,"VICTORIA, Heidi",LIBERAL,Coalition,"VICTORIA, Heidi",LIBERAL,Coalition,19536,59.66,"DIB, Tony",AUSTRALIAN LABOR PARTY,ALP,13212,40.34,Coalition,Coalition-ALP,True,governed-vec-final-total-parser,distribution-page-final-total,0
vic_la_2014,bellarine,Bellarine,https://itsitecoreblobvecprd01.blob.core.windows.net/public-files/historical-results/state2014/bellarinedistrict.html,6fa8ebabcb3eaa3dfce2746ab01bb60977900cba63a9b8eb0e23bb9ad11dd496,6fa8ebabcb3eaa3dfce2746ab01bb60977900cba63a9b8eb0e23bb9ad11dd496,https://itsitecoreblobvecprd01.blob.core.windows.net/public-files/historical-results/state2014/bellarinedistrict.html,6fa8ebabcb3eaa3dfce2746ab01bb60977900cba63a9b8eb0e23bb9ad11dd496,"NEVILLE, Lisa",AUSTRALIAN LABOR PARTY,ALP,"NEVILLE, Lisa",AUSTRALIAN LABOR PARTY,ALP,21174,54.84,"NELSON, Ron",LIBERAL,Coalition,17437,45.16,ALP,ALP-Coalition,True,governed-vec-final-total-parser,results-after-distribution,1
vic_la_2014,benambra,Benambra,https://itsitecoreblobvecprd01.blob.core.windows.net/public-files/historical-results/state2014/benambradistrict.html,d5112ecbc9593376f63d1031fec5f71d0ecefd83b2bd8451fe78a33a13678467,d5112ecbc9593376f63d1031fec5f71d0ecefd83b2bd8451fe78a33a13678467,https://itsitecoreblobvecprd01.blob.core.windows.net/public-files/historical-results/state2014/benambradistrict.html,d5112ecbc9593376f63d1031fec5f71d0ecefd83b2bd8451fe78a33a13678467,"TILLEY, Bill",LIBERAL,Coalition,,,,,,,,,,,Coalition,,False,not-available-on-official-early-majority-page,final-pair-unavailable-early-majority,0
vic_la_2014,bendigo-east,Bendigo East,https://itsitecoreblobvecprd01.blob.core.windows.net/public-files/historical-results/state2014/bendigoeastdistrict.html,21799af4253c12ac76f637e7562b12e87d26a4059d80b4bfaf0c8d7f0ba0a166,21799af4253c12ac76f637e7562b12e87d26a4059d80b4bfaf0c8d7f0ba0a166,https://itsitecoreblobvecprd01.blob.core.windows.net/public-files/historical-results/state2014/bendigoeastdistrict.html,21799af4253c12ac76f637e7562b12e87d26a4059d80b4bfaf0c8d7f0ba0a166,"ALLAN, Jacinta",AUSTRALIAN LABOR PARTY,ALP,"BICKLEY, Greg",LIBERAL,Coalition,18118,44.95,"ALLAN, Jacinta",AUSTRALIAN LABOR PARTY,ALP,22187,55.05,ALP,Coalition-ALP,True,governed-vec-final-total-parser,results-after-distribution,1
vic_la_2014,bendigo-west,Bendigo West,https://itsitecoreblobvecprd01.blob.core.windows.net/public-files/historical-results/state2014/bendigowestdistrict.html,36d842eafd620f06db42f7f001910cb477569251b04f41910c2216b829b8b6be,36d842eafd620f06db42f7f001910cb477569251b04f41910c2216b829b8b6be,https://itsitecoreblobvecprd01.blob.core.windows.net/public-files/historical-results/state2014/distributionbendigowestdistrict.html,6ec624c4d7cc5e65a54abe71caf063c8bc85e69c03d72ec1f042a060a1e6c76f,"EDWARDS, Maree",AUSTRALIAN LABOR PARTY,ALP,"EDWARDS, Maree",AUSTRALIAN LABOR PARTY,ALP,19204,58.39,"LANGDON, Michael",LIBERAL,Coalition,13683,41.61,ALP,ALP-Coalition,True,governed-vec-final-total-parser,distribution-page-final-total,1
vic_la_2014,bentleigh,Bentleigh,https://itsitecoreblobvecprd01.blob.core.windows.net/public-files/historical-results/state2014/bentleighdistrict.html,5d9ad36111c47f4c2c625ff47a8876a59fb9b222b7001a1fea64ab65bd833bf0,5d9ad36111c47f4c2c625ff47a8876a59fb9b222b7001a1fea64ab65bd833bf0,https://itsitecoreblobvecprd01.blob.core.windows.net/public-files/historical-results/state2014/bentleighdistrict.html,5d9ad36111c47f4c2c625ff47a8876a59fb9b222b7001a1fea64ab65bd833bf0,"STAIKOS, Nick",AUSTRALIAN LABOR PARTY,ALP,"STAIKOS, Nick",AUSTRALIAN LABOR PARTY,ALP,18449,50.78,"MILLER, Elizabeth",LIBERAL,Coalition,17881,49.22,ALP,ALP-Coalition,True,governed-vec-final-total-parser,results-after-distribution,1
vic_la_2014,box-hill,Box Hill,https://itsitecoreblobvecprd01.blob.core.windows.net/public-files/historical-results/state2014/boxhilldistrict.html,441be87dbd6b6f202f7af5082dfa58dd443b35338d535ebaa05ba8e1fa6609b9,441be87dbd6b6f202f7af5082dfa58dd443b35338d535ebaa05ba8e1fa6609b9,https://itsitecoreblobvecprd01.blob.core.windows.net/public-files/historical-results/state2014/boxhilldistrict.html,441be87dbd6b6f202f7af5082dfa58dd443b35338d535ebaa05ba8e1fa6609b9,"CLARK, Robert",LIBERAL,Coalition,,,,,,,,,,,Coalition,,False,not-available-on-official-early-majority-page,final-pair-unavailable-early-majority,0
vic_la_2014,brighton,Brighton,https://itsitecoreblobvecprd01.blob.core.windows.net/public-files/historical-results/state2014/brightondistrict.html,f37af7367036bf3f08c15255b019b0dc38485c0fe64bf0573b58e3037ed7e20c,f37af7367036bf3f08c15255b019b0dc38485c0fe64bf0573b58e3037ed7e20c,https://itsitecoreblobvecprd01.blob.core.windows.net/public-files/historical-results/state2014/brightondistrict.html,f37af7367036bf3f08c15255b019b0dc38485c0fe64bf0573b58e3037ed7e20c,"ASHER, Louise",LIBERAL,Coalition,,,,,,,,,,,Coalition,,False,not-available-on-official-early-majority-page,final-pair-unavailable-early-majority,0
vic_la_2014,broadmeadows,Broadmeadows,https://itsitecoreblobvecprd01.blob.core.windows.net/public-files/historical-results/state2014/broadmeadowsdistrict.html,2ee53483e579ded9b6bacc3ba8e81d630c9874b9c1f405748bb076659e91af79,2ee53483e579ded9b6bacc3ba8e81d630c9874b9c1f405748bb076659e91af79,https://itsitecoreblobvecprd01.blob.core.windows.net/public-files/historical-results/state2014/broadmeadowsdistrict.html,2ee53483e579ded9b6bacc3ba8e81d630c9874b9c1f405748bb076659e91af79,"McGUIRE, Frank",AUSTRALIAN LABOR PARTY,ALP,,,,,,,,,,,ALP,,False,not-available-on-official-early-majority-page,final-pair-unavailable-early-majority,1
vic_la_2014,brunswick,Brunswick,https://itsitecoreblobvecprd01.blob.core.windows.net/public-files/historical-results/state2014/brunswickdistrict.html,e7b56170d391c5d60fdb870cbd445e70eeb88fedaec4446d9610e5995a210b3a,e7b56170d391c5d60fdb870cbd445e70eeb88fedaec4446d9610e5995a210b3a,https://itsitecoreblobvecprd01.blob.core.windows.net/public-files/historical-results/state2014/brunswickdistrict.html,e7b56170d391c5d60fdb870cbd445e70eeb88fedaec4446d9610e5995a210b3a,"GARRETT, Jane",AUSTRALIAN LABOR PARTY,ALP,"READ, Tim",AUSTRALIAN GREENS,Greens,19283,47.78,"GARRETT, Jane",AUSTRALIAN LABOR PARTY,ALP,21075,52.22,ALP,Greens-ALP,True,governed-vec-final-total-parser,results-after-distribution,1
vic_la_2014,bulleen,Bulleen,https://itsitecoreblobvecprd01.blob.core.windows.net/public-files/historical-results/state2014/bulleendistrict.html,c7f6eceeeac0c110907d4e8cf4dde1d1e95b4e9ee0ede8b96167df09f3e40734,c7f6eceeeac0c110907d4e8cf4dde1d1e95b4e9ee0ede8b96167df09f3e40734,https://itsitecoreblobvecprd01.blob.core.windows.net/public-files/historical-results/state2014/bulleendistrict.html,c7f6eceeeac0c110907d4e8cf4dde1d1e95b4e9ee0ede8b96167df09f3e40734,"GUY, Matthew",LIBERAL,Coalition,,,,,,,,,,,Coalition,,False,not-available-on-official-early-majority-page,final-pair-unavailable-early-majority,0
vic_la_2014,bundoora,Bundoora,https://itsitecoreblobvecprd01.blob.core.windows.net/public-files/historical-results/state2014/bundooradistrict.html,f906b9a0d3922de012e711e43849c526ff4749127b2482db737de3bb6a0025b6,f906b9a0d3922de012e711e43849c526ff4749127b2482db737de3bb6a0025b6,https://itsitecoreblobvecprd01.blob.core.windows.net/public-files/historical-results/state2014/bundooradistrict.html,f906b9a0d3922de012e711e43849c526ff4749127b2482db737de3bb6a0025b6,"BROOKS, Colin",AUSTRALIAN LABOR PARTY,ALP,,,,,,,,,,,ALP,,False,not-available-on-official-early-majority-page,final-pair-unavailable-early-majority,1
vic_la_2014,buninyong,Buninyong,https://itsitecoreblobvecprd01.blob.core.windows.net/public-files/historical-results/state2014/buninyongdistrict.html,70ef254228052d6cc9598a5959fae7f91423671c19848659135f39e2352caba6,70ef254228052d6cc9598a5959fae7f91423671c19848659135f39e2352caba6,https://itsitecoreblobvecprd01.blob.core.windows.net/public-files/historical-results/state2014/buninyongdistrict.html,70ef254228052d6cc9598a5959fae7f91423671c19848659135f39e2352caba6,"HOWARD, Geoff",AUSTRALIAN LABOR PARTY,ALP,"TAYLOR, Ben",LIBERAL,Coalition,16006,43.61,"HOWARD, Geoff",AUSTRALIAN LABOR PARTY,ALP,20697,56.39,ALP,Coalition-ALP,True,governed-vec-final-total-parser,results-after-distribution,1
vic_la_2014,burwood,Burwood,https://itsitecoreblobvecprd01.blob.core.windows.net/public-files/historical-results/state2014/burwooddistrict.html,0ebdc8d1f4163eaeb1447750d43b6843c3f80e11db620ddff7ac96859ce99144,0ebdc8d1f4163eaeb1447750d43b6843c3f80e11db620ddff7ac96859ce99144,https://itsitecoreblobvecprd01.blob.core.windows.net/public-files/historical-results/state2014/burwooddistrict.html,0ebdc8d1f4163eaeb1447750d43b6843c3f80e11db620ddff7ac96859ce99144,"WATT, Graham",LIBERAL,Coalition,,,,,,,,,,,Coalition,,False,not-available-on-official-early-majority-page,final-pair-unavailable-early-majority,0
vic_la_2014,carrum,Carrum,https://itsitecoreblobvecprd01.blob.core.windows.net/public-files/historical-results/state2014/carrumdistrict.html,a9e72e8388b6fdf30e6d98d104f111a25e376c9a08aca2c401ada75c51040f0e,a9e72e8388b6fdf30e6d98d104f111a25e376c9a08aca2c401ada75c51040f0e,https://itsitecoreblobvecprd01.blob.core.windows.net/public-files/historical-results/state2014/carrumdistrict.html,a9e72e8388b6fdf30e6d98d104f111a25e376c9a08aca2c401ada75c51040f0e,"KILKENNY, Sonya",AUSTRALIAN LABOR PARTY,ALP,"BAUER, Donna",LIBERAL,Coalition,19427,49.28,"KILKENNY, Sonya",AUSTRALIAN LABOR PARTY,ALP,19998,50.72,ALP,Coalition-ALP,True,governed-vec-final-total-parser,results-after-distribution,1
vic_la_2014,caulfield,Caulfield,https://itsitecoreblobvecprd01.blob.core.windows.net/public-files/historical-results/state2014/caulfielddistrict.html,fe51eb102e883c7fa430cad755665da2f9441fa140a61509c682c2d556353a9e,fe51eb102e883c7fa430cad755665da2f9441fa140a61509c682c2d556353a9e,https://itsitecoreblobvecprd01.blob.core.windows.net/public-files/historical-results/state2014/caulfielddistrict.html,fe51eb102e883c7fa430cad755665da2f9441fa140a61509c682c2d556353a9e,"SOUTHWICK, David",LIBERAL,Coalition,,,,,,,,,,,Coalition,,False,not-available-on-official-early-majority-page,final-pair-unavailable-early-majority,0
vic_la_2014,clarinda,Clarinda,https://itsitecoreblobvecprd01.blob.core.windows.net/public-files/historical-results/state2014/clarindadistrict.html,82391741cdb4ad66be30c6c0955ab616ba1e4c9adc662fd4fb8480804ccc2ac8,82391741cdb4ad66be30c6c0955ab616ba1e4c9adc662fd4fb8480804ccc2ac8,https://itsitecoreblobvecprd01.blob.core.windows.net/public-files/historical-results/state2014/clarindadistrict.html,82391741cdb4ad66be30c6c0955ab616ba1e4c9adc662fd4fb8480804ccc2ac8,"LIM, Hong",AUSTRALIAN LABOR PARTY,ALP,,,,,,,,,,,ALP,,False,not-available-on-official-early-majority-page,final-pair-unavailable-early-majority,1
vic_la_2014,cranbourne,Cranbourne,https://itsitecoreblobvecprd01.blob.core.windows.net/public-files/historical-results/state2014/cranbournedistrict.html,8a184efe33fa482c66dfcf5332899380bd87d5801f2fbdd760aed54953421fbe,8a184efe33fa482c66dfcf5332899380bd87d5801f2fbdd760aed54953421fbe,https://itsitecoreblobvecprd01.blob.core.windows.net/public-files/historical-results/state2014/cranbournedistrict.html,8a184efe33fa482c66dfcf5332899380bd87d5801f2fbdd760aed54953421fbe,"PERERA, Jude",AUSTRALIAN LABOR PARTY,ALP,"PERERA, Jude",AUSTRALIAN LABOR PARTY,ALP,20954,52.34,"ABLETT, Geoff",LIBERAL,Coalition,19083,47.66,ALP,ALP-Coalition,True,governed-vec-final-total-parser,results-after-distribution,1
vic_la_2014,croydon,Croydon,https://itsitecoreblobvecprd01.blob.core.windows.net/public-files/historical-results/state2014/croydondistrict.html,c0213db760393799de9223698b3be7030ba1f4ca1937d9bf6ddf56ec07bf5990,c0213db760393799de9223698b3be7030ba1f4ca1937d9bf6ddf56ec07bf5990,https://itsitecoreblobvecprd01.blob.core.windows.net/public-files/historical-results/state2014/croydondistrict.html,c0213db760393799de9223698b3be7030ba1f4ca1937d9bf6ddf56ec07bf5990,"HODGETT, David",LIBERAL,Coalition,,,,,,,,,,,Coalition,,False,not-available-on-official-early-majority-page,final-pair-unavailable-early-majority,0
vic_la_2014,dandenong,Dandenong,https://itsitecoreblobvecprd01.blob.core.windows.net/public-files/historical-results/state2014/dandenongdistrict.html,8a46a0fb28533e6e295d34451990fc7976391ea0ab98eeda8e7e415f1299fc3b,8a46a0fb28533e6e295d34451990fc7976391ea0ab98eeda8e7e415f1299fc3b,https://itsitecoreblobvecprd01.blob.core.windows.net/public-files/historical-results/state2014/dandenongdistrict.html,8a46a0fb28533e6e295d34451990fc7976391ea0ab98eeda8e7e415f1299fc3b,"WILLIAMS, Gabrielle",AUSTRALIAN LABOR PARTY,ALP,,,,,,,,,,,ALP,,False,not-available-on-official-early-majority-page,final-pair-unavailable-early-majority,1
vic_la_2014,eildon,Eildon,https://itsitecoreblobvecprd01.blob.core.windows.net/public-files/historical-results/state2014/eildondistrict.html,850f699b2ffa679a9a149ef539529672cbd19a7f4e66c7f5c7139484787b2be3,850f699b2ffa679a9a149ef539529672cbd19a7f4e66c7f5c7139484787b2be3,https://itsitecoreblobvecprd01.blob.core.windows.net/public-files/historical-results/state2014/distributioneildondistrict.html,054702f69c22fe0eb17d5f6e2c702491e2844a3c337ef72408c573783fb05cb7,"McLEISH, Cindy",LIBERAL,Coalition,"McLEISH, Cindy",LIBERAL,Coalition,19132,61.34,"BRENNAN, Sally",AUSTRALIAN LABOR PARTY,ALP,12056,38.66,Coalition,Coalition-ALP,True,governed-vec-final-total-parser,distribution-page-final-total,0
vic_la_2014,eltham,Eltham,https://itsitecoreblobvecprd01.blob.core.windows.net/public-files/historical-results/state2014/elthamdistrict.html,a2b23fbacadeb22a3e69dc0feec5dc4d850b9db7ac4988299367b26993ad668e,a2b23fbacadeb22a3e69dc0feec5dc4d850b9db7ac4988299367b26993ad668e,https://itsitecoreblobvecprd01.blob.core.windows.net/public-files/historical-results/state2014/elthamdistrict.html,a2b23fbacadeb22a3e69dc0feec5dc4d850b9db7ac4988299367b26993ad668e,"WARD, Vicki",AUSTRALIAN LABOR PARTY,ALP,"BRIFFA, Steven",LIBERAL,Coalition,19084,47.31,"WARD, Vicki",AUSTRALIAN LABOR PARTY,ALP,21258,52.69,ALP,Coalition-ALP,True,governed-vec-final-total-parser,results-after-distribution,1
vic_la_2014,essendon,Essendon,https://itsitecoreblobvecprd01.blob.core.windows.net/public-files/historical-results/state2014/essendondistrict.html,ed865baa92df7b5d85f4bc0cc15fa10364150aa22ea37b588980b7a8e841c82c,ed865baa92df7b5d85f4bc0cc15fa10364150aa22ea37b588980b7a8e841c82c,https://itsitecoreblobvecprd01.blob.core.windows.net/public-files/historical-results/state2014/essendondistrict.html,ed865baa92df7b5d85f4bc0cc15fa10364150aa22ea37b588980b7a8e841c82c,"PEARSON, Danny",AUSTRALIAN LABOR PARTY,ALP,"ACKERMAN, Fred",LIBERAL,Coalition,16195,41.33,"PEARSON, Danny",AUSTRALIAN LABOR PARTY,ALP,22988,58.67,ALP,Coalition-ALP,True,governed-vec-final-total-parser,results-after-distribution,1
vic_la_2014,euroa,Euroa,https://itsitecoreblobvecprd01.blob.core.windows.net/public-files/historical-results/state2014/euroadistrict.html,0e50a39cd850ae4c19c90e11e8f6f9ae8879a8bfa984f5c8392e3719a84055b8,0e50a39cd850ae4c19c90e11e8f6f9ae8879a8bfa984f5c8392e3719a84055b8,https://itsitecoreblobvecprd01.blob.core.windows.net/public-files/historical-results/state2014/euroadistrict.html,0e50a39cd850ae4c19c90e11e8f6f9ae8879a8bfa984f5c8392e3719a84055b8,"RYAN, Steph",THE NATIONALS,Coalition,"RYAN, Steph",THE NATIONALS,Coalition,26451,64.47,"MALCOLM, Clare Louise",AUSTRALIAN LABOR PARTY,ALP,14580,35.53,Coalition,Coalition-ALP,True,governed-vec-final-total-parser,results-after-distribution,0
vic_la_2014,evelyn,Evelyn,https://itsitecoreblobvecprd01.blob.core.windows.net/public-files/historical-results/state2014/evelyndistrict.html,4ea7219401d3dafbb5881a8e926fcb6d1a36cb609f8fda9706bac32966ecbc68,4ea7219401d3dafbb5881a8e926fcb6d1a36cb609f8fda9706bac32966ecbc68,https://itsitecoreblobvecprd01.blob.core.windows.net/public-files/historical-results/state2014/evelyndistrict.html,4ea7219401d3dafbb5881a8e926fcb6d1a36cb609f8fda9706bac32966ecbc68,"FYFFE, Christine",LIBERAL,Coalition,,,,,,,,,,,Coalition,,False,not-available-on-official-early-majority-page,final-pair-unavailable-early-majority,0
vic_la_2014,ferntree-gully,Ferntree Gully,https://itsitecoreblobvecprd01.blob.core.windows.net/public-files/historical-results/state2014/ferntreegullydistrict.html,630eb33d433a3d0144f9f7c82f0aed6b667fd3029663402293bab34867b381ec,630eb33d433a3d0144f9f7c82f0aed6b667fd3029663402293bab34867b381ec,https://itsitecoreblobvecprd01.blob.core.windows.net/public-files/historical-results/state2014/ferntreegullydistrict.html,630eb33d433a3d0144f9f7c82f0aed6b667fd3029663402293bab34867b381ec,"WAKELING, Nick",LIBERAL,Coalition,,,,,,,,,,,Coalition,,False,not-available-on-official-early-majority-page,final-pair-unavailable-early-majority,0
vic_la_2014,footscray,Footscray,https://itsitecoreblobvecprd01.blob.core.windows.net/public-files/historical-results/state2014/footscraydistrict.html,205c3fea820f0b8dd1fce4e8229f4ffb533643b31e317a731f53f0cf8ebe4328,205c3fea820f0b8dd1fce4e8229f4ffb533643b31e317a731f53f0cf8ebe4328,https://itsitecoreblobvecprd01.blob.core.windows.net/public-files/historical-results/state2014/footscraydistrict.html,205c3fea820f0b8dd1fce4e8229f4ffb533643b31e317a731f53f0cf8ebe4328,"THOMSON, Marsha",AUSTRALIAN LABOR PARTY,ALP,"VU, Kim",LIBERAL,Coalition,13802,35.51,"THOMSON, Marsha",AUSTRALIAN LABOR PARTY,ALP,25065,64.49,ALP,Coalition-ALP,True,governed-vec-final-total-parser,results-after-distribution,1
vic_la_2014,forest-hill,Forest Hill,https://itsitecoreblobvecprd01.blob.core.windows.net/public-files/historical-results/state2014/foresthilldistrict.html,e7e47d266e3804013dd666c5408632ccc40320e761b2e86fbfe723e098b2fc6d,e7e47d266e3804013dd666c5408632ccc40320e761b2e86fbfe723e098b2fc6d,https://itsitecoreblobvecprd01.blob.core.windows.net/public-files/historical-results/state2014/distributionforesthilldistrict.html,68552cb409281e627697450fc25773d6c2106a3bf7ba6dd05e6c7762972e988a,"ANGUS, Neil",LIBERAL,Coalition,"ANGUS, Neil",LIBERAL,Coalition,18483,58.53,"RICHARDS, Pauline",AUSTRALIAN LABOR PARTY,ALP,13098,41.47,Coalition,Coalition-ALP,True,governed-vec-final-total-parser,distribution-page-final-total,0
vic_la_2014,frankston,Frankston,https://itsitecoreblobvecprd01.blob.core.windows.net/public-files/historical-results/state2014/frankstondistrict.html,e6acca82e35bcfd96745cc24570c041a53ea9412cbd477686c5b4c8e40a39f33,e6acca82e35bcfd96745cc24570c041a53ea9412cbd477686c5b4c8e40a39f33,https://itsitecoreblobvecprd01.blob.core.windows.net/public-files/historical-results/state2014/frankstondistrict.html,e6acca82e35bcfd96745cc24570c041a53ea9412cbd477686c5b4c8e40a39f33,"EDBROOKE, Paul",AUSTRALIAN LABOR PARTY,ALP,"ARMISTEAD, Sean",LIBERAL,Coalition,17329,49.52,"EDBROOKE, Paul",AUSTRALIAN LABOR PARTY,ALP,17665,50.48,ALP,Coalition-ALP,True,governed-vec-final-total-parser,results-after-distribution,1
vic_la_2014,geelong,Geelong,https://itsitecoreblobvecprd01.blob.core.windows.net/public-files/historical-results/state2014/geelongdistrict.html,7f865a8b1649ded1270db2c813069a865b421d0fc53d8b1de9b9f44a03cc80f1,7f865a8b1649ded1270db2c813069a865b421d0fc53d8b1de9b9f44a03cc80f1,https://itsitecoreblobvecprd01.blob.core.windows.net/public-files/historical-results/state2014/geelongdistrict.html,7f865a8b1649ded1270db2c813069a865b421d0fc53d8b1de9b9f44a03cc80f1,"COUZENS, Christine",AUSTRALIAN LABOR PARTY,ALP,"KONTELJ, Paula",LIBERAL,Coalition,17699,43.97,"COUZENS, Christine",AUSTRALIAN LABOR PARTY,ALP,22556,56.03,ALP,Coalition-ALP,True,governed-vec-final-total-parser,results-after-distribution,1
vic_la_2014,gembrook,Gembrook,https://itsitecoreblobvecprd01.blob.core.windows.net/public-files/historical-results/state2014/gembrookdistrict.html,728186dce00c3b225cb21bfb251d5c11e43703a9931683b106f8da81be5823bc,728186dce00c3b225cb21bfb251d5c11e43703a9931683b106f8da81be5823bc,https://itsitecoreblobvecprd01.blob.core.windows.net/public-files/historical-results/state2014/gembrookdistrict.html,728186dce00c3b225cb21bfb251d5c11e43703a9931683b106f8da81be5823bc,"BATTIN, Brad",LIBERAL,Coalition,,,,,,,,,,,Coalition,,False,not-available-on-official-early-majority-page,final-pair-unavailable-early-majority,0
vic_la_2014,gippsland-east,Gippsland East,https://itsitecoreblobvecprd01.blob.core.windows.net/public-files/historical-results/state2014/gippslandeastdistrict.html,ae3061a4c09902d00d316348305a382bfb85d22d5195c3322d3bc625ea5bbb16,ae3061a4c09902d00d316348305a382bfb85d22d5195c3322d3bc625ea5bbb16,https://itsitecoreblobvecprd01.blob.core.windows.net/public-files/historical-results/state2014/gippslandeastdistrict.html,ae3061a4c09902d00d316348305a382bfb85d22d5195c3322d3bc625ea5bbb16,"BULL, Tim",THE NATIONALS,Coalition,,,,,,,,,,,Coalition,,False,not-available-on-official-early-majority-page,final-pair-unavailable-early-majority,0
vic_la_2014,gippsland-south,Gippsland South,https://itsitecoreblobvecprd01.blob.core.windows.net/public-files/historical-results/state2014/gippslandsouthdistrict.html,a7f93eaab3baf4e9a757eb11b8a3b8d488eea5998dc6bcc2482801af461bf2a4,a7f93eaab3baf4e9a757eb11b8a3b8d488eea5998dc6bcc2482801af461bf2a4,https://itsitecoreblobvecprd01.blob.core.windows.net/public-files/historical-results/state2014/gippslandsouthdistrict.html,a7f93eaab3baf4e9a757eb11b8a3b8d488eea5998dc6bcc2482801af461bf2a4,"RYAN, Peter",THE NATIONALS,Coalition,,,,,,,,,,,Coalition,,False,not-available-on-official-early-majority-page,final-pair-unavailable-early-majority,0
vic_la_2014,hastings,Hastings,https://itsitecoreblobvecprd01.blob.core.windows.net/public-files/historical-results/state2014/hastingsdistrict.html,442f033c4be61c939cf25971074fed07ff5995c0df35a2f57ea3113fea62c0c7,442f033c4be61c939cf25971074fed07ff5995c0df35a2f57ea3113fea62c0c7,https://itsitecoreblobvecprd01.blob.core.windows.net/public-files/historical-results/state2014/hastingsdistrict.html,442f033c4be61c939cf25971074fed07ff5995c0df35a2f57ea3113fea62c0c7,"BURGESS, Neale",LIBERAL,Coalition,,,,,,,,,,,Coalition,,False,not-available-on-official-early-majority-page,final-pair-unavailable-early-majority,0
vic_la_2014,hawthorn,Hawthorn,https://itsitecoreblobvecprd01.blob.core.windows.net/public-files/historical-results/state2014/hawthorndistrict.html,18f21de30536ce87d5e629e8dd72b20b2732a9653691319290f06ca1eb5a92b2,18f21de30536ce87d5e629e8dd72b20b2732a9653691319290f06ca1eb5a92b2,https://itsitecoreblobvecprd01.blob.core.windows.net/public-files/historical-results/state2014/hawthorndistrict.html,18f21de30536ce87d5e629e8dd72b20b2732a9653691319290f06ca1eb5a92b2,"PESUTTO, John",LIBERAL,Coalition,,,,,,,,,,,Coalition,,False,not-available-on-official-early-majority-page,final-pair-unavailable-early-majority,0
vic_la_2014,ivanhoe,Ivanhoe,https://itsitecoreblobvecprd01.blob.core.windows.net/public-files/historical-results/state2014/ivanhoedistrict.html,bfa5483862ece29d72bec6521e2cf96a6d357e130bd6e9651cd57864da07ba24,bfa5483862ece29d72bec6521e2cf96a6d357e130bd6e9651cd57864da07ba24,https://itsitecoreblobvecprd01.blob.core.windows.net/public-files/historical-results/state2014/ivanhoedistrict.html,bfa5483862ece29d72bec6521e2cf96a6d357e130bd6e9651cd57864da07ba24,"CARBINES, Anthony",AUSTRALIAN LABOR PARTY,ALP,"ZIEBELL, Carl",LIBERAL,Coalition,18311,46.59,"CARBINES, Anthony",AUSTRALIAN LABOR PARTY,ALP,20991,53.41,ALP,Coalition-ALP,True,governed-vec-final-total-parser,results-after-distribution,1
vic_la_2014,kew,Kew,https://itsitecoreblobvecprd01.blob.core.windows.net/public-files/historical-results/state2014/kewdistrict.html,968bfe3068ebc265e62d907b9cb970681a14d86d8e2a514a9149775f80dd8456,968bfe3068ebc265e62d907b9cb970681a14d86d8e2a514a9149775f80dd8456,https://itsitecoreblobvecprd01.blob.core.windows.net/public-files/historical-results/state2014/kewdistrict.html,968bfe3068ebc265e62d907b9cb970681a14d86d8e2a514a9149775f80dd8456,"SMITH, Tim",LIBERAL,Coalition,,,,,,,,,,,Coalition,,False,not-available-on-official-early-majority-page,final-pair-unavailable-early-majority,0
vic_la_2014,keysborough,Keysborough,https://itsitecoreblobvecprd01.blob.core.windows.net/public-files/historical-results/state2014/keysboroughdistrict.html,d6d94e92143e8bdebba1d906c0773dd673bd0d6b8f5c41ac748c792f1dc07d9d,d6d94e92143e8bdebba1d906c0773dd673bd0d6b8f5c41ac748c792f1dc07d9d,https://itsitecoreblobvecprd01.blob.core.windows.net/public-files/historical-results/state2014/keysboroughdistrict.html,d6d94e92143e8bdebba1d906c0773dd673bd0d6b8f5c41ac748c792f1dc07d9d,"PAKULA, Martin",AUSTRALIAN LABOR PARTY,ALP,,,,,,,,,,,ALP,,False,not-available-on-official-early-majority-page,final-pair-unavailable-early-majority,1
vic_la_2014,kororoit,Kororoit,https://itsitecoreblobvecprd01.blob.core.windows.net/public-files/historical-results/state2014/kororoitdistrict.html,1aa4b05f68d7bc11cb8d478e8489b2b1d3da83a2b8c157485d27eaa821dbcfa6,1aa4b05f68d7bc11cb8d478e8489b2b1d3da83a2b8c157485d27eaa821dbcfa6,https://itsitecoreblobvecprd01.blob.core.windows.net/public-files/historical-results/state2014/kororoitdistrict.html,1aa4b05f68d7bc11cb8d478e8489b2b1d3da83a2b8c157485d27eaa821dbcfa6,"KAIROUZ, Marlene",AUSTRALIAN LABOR PARTY,ALP,,,,,,,,,,,ALP,,False,not-available-on-official-early-majority-page,final-pair-unavailable-early-majority,1
vic_la_2014,lara,Lara,https://itsitecoreblobvecprd01.blob.core.windows.net/public-files/historical-results/state2014/laradistrict.html,742b6fc02c484527460501ac7d31b8d38828222da8a75b130b11050142f801ab,742b6fc02c484527460501ac7d31b8d38828222da8a75b130b11050142f801ab,https://itsitecoreblobvecprd01.blob.core.windows.net/public-files/historical-results/state2014/laradistrict.html,742b6fc02c484527460501ac7d31b8d38828222da8a75b130b11050142f801ab,"EREN, John",AUSTRALIAN LABOR PARTY,ALP,,,,,,,,,,,ALP,,False,not-available-on-official-early-majority-page,final-pair-unavailable-early-majority,1
vic_la_2014,lowan,Lowan,https://itsitecoreblobvecprd01.blob.core.windows.net/public-files/historical-results/state2014/lowandistrict.html,33ef9b3bffe39fea8c81ad3e76ad5d11aa55b0718f9a35f05647a09ad3cd2002,33ef9b3bffe39fea8c81ad3e76ad5d11aa55b0718f9a35f05647a09ad3cd2002,https://itsitecoreblobvecprd01.blob.core.windows.net/public-files/historical-results/state2014/lowandistrict.html,33ef9b3bffe39fea8c81ad3e76ad5d11aa55b0718f9a35f05647a09ad3cd2002,"KEALY, Emma",THE NATIONALS,Coalition,,,,,,,,,,,Coalition,,False,not-available-on-official-early-majority-page,final-pair-unavailable-early-majority,0
vic_la_2014,macedon,Macedon,https://itsitecoreblobvecprd01.blob.core.windows.net/public-files/historical-results/state2014/macedondistrict.html,c3e7f40e5292984ad941607ed6763be61a44539a438fbffb9d586165608e1e45,c3e7f40e5292984ad941607ed6763be61a44539a438fbffb9d586165608e1e45,https://itsitecoreblobvecprd01.blob.core.windows.net/public-files/historical-results/state2014/macedondistrict.html,c3e7f40e5292984ad941607ed6763be61a44539a438fbffb9d586165608e1e45,"THOMAS, Mary-Anne",AUSTRALIAN LABOR PARTY,ALP,"THOMAS, Mary-Anne",AUSTRALIAN LABOR PARTY,ALP,20417,53.79,"PETROVICH, Donna",LIBERAL,Coalition,17538,46.21,ALP,ALP-Coalition,True,governed-vec-final-total-parser,results-after-distribution,1
vic_la_2014,malvern,Malvern,https://itsitecoreblobvecprd01.blob.core.windows.net/public-files/historical-results/state2014/malverndistrict.html,35687d20027a3b830202fc0a34ac9ee7feb77626bc21aaa68599c32d574c2ad3,35687d20027a3b830202fc0a34ac9ee7feb77626bc21aaa68599c32d574c2ad3,https://itsitecoreblobvecprd01.blob.core.windows.net/public-files/historical-results/state2014/malverndistrict.html,35687d20027a3b830202fc0a34ac9ee7feb77626bc21aaa68599c32d574c2ad3,"O'BRIEN, Michael",LIBERAL,Coalition,,,,,,,,,,,Coalition,,False,not-available-on-official-early-majority-page,final-pair-unavailable-early-majority,0
vic_la_2014,melbourne,Melbourne,https://itsitecoreblobvecprd01.blob.core.windows.net/public-files/historical-results/state2014/melbournedistrict.html,ffb40a1569fd709f9323a6c542ce606ce06f835ff0a6d4dd5cfe1d557b7c7706,ffb40a1569fd709f9323a6c542ce606ce06f835ff0a6d4dd5cfe1d557b7c7706,https://itsitecoreblobvecprd01.blob.core.windows.net/public-files/historical-results/state2014/melbournedistrict.html,ffb40a1569fd709f9323a6c542ce606ce06f835ff0a6d4dd5cfe1d557b7c7706,"SANDELL, Ellen",AUSTRALIAN GREENS,Greens,"SANDELL, Ellen",AUSTRALIAN GREENS,Greens,19401,52.44,"KANIS, Jennifer",AUSTRALIAN LABOR PARTY,ALP,17599,47.56,Greens,Greens-ALP,True,governed-vec-final-total-parser,results-after-distribution,0
vic_la_2014,melton,Melton,https://itsitecoreblobvecprd01.blob.core.windows.net/public-files/historical-results/state2014/meltondistrict.html,d9f80847a6107be0b1ea048a1be98b51a4c1d8ca5280b7ada6514a40cb0672df,d9f80847a6107be0b1ea048a1be98b51a4c1d8ca5280b7ada6514a40cb0672df,https://itsitecoreblobvecprd01.blob.core.windows.net/public-files/historical-results/state2014/meltondistrict.html,d9f80847a6107be0b1ea048a1be98b51a4c1d8ca5280b7ada6514a40cb0672df,"NARDELLA, Don",AUSTRALIAN LABOR PARTY,ALP,,,,,,,,,,,ALP,,False,not-available-on-official-early-majority-page,final-pair-unavailable-early-majority,1
vic_la_2014,mildura,Mildura,https://itsitecoreblobvecprd01.blob.core.windows.net/public-files/historical-results/state2014/milduradistrict.html,ad1c02643aa6d2f51be45374f8377f3d16a67b93478d08100e6ac20f86009a60,ad1c02643aa6d2f51be45374f8377f3d16a67b93478d08100e6ac20f86009a60,https://itsitecoreblobvecprd01.blob.core.windows.net/public-files/historical-results/state2014/distributionmilduradistrict.html,5f25508eb67b66646373298306c0f4f8641494b04a8e23677d191837af90929d,"CRISP, Peter",THE NATIONALS,Coalition,"CRISP, Peter",THE NATIONALS,Coalition,18958,65.01,"CUPPER, Ali",,Other/Independent,10204,34.99,Coalition,Coalition-Other/Independent,True,governed-vec-final-total-parser,distribution-page-final-total,0
vic_la_2014,mill-park,Mill Park,https://itsitecoreblobvecprd01.blob.core.windows.net/public-files/historical-results/state2014/millparkdistrict.html,0ffd547436ff8c28f16d1a7982abd8d98d73cc9402bab55e8485735085f5ef62,0ffd547436ff8c28f16d1a7982abd8d98d73cc9402bab55e8485735085f5ef62,https://itsitecoreblobvecprd01.blob.core.windows.net/public-files/historical-results/state2014/millparkdistrict.html,0ffd547436ff8c28f16d1a7982abd8d98d73cc9402bab55e8485735085f5ef62,"D'AMBROSIO, Lily",AUSTRALIAN LABOR PARTY,ALP,,,,,,,,,,,ALP,,False,not-available-on-official-early-majority-page,final-pair-unavailable-early-majority,1
vic_la_2014,monbulk,Monbulk,https://itsitecoreblobvecprd01.blob.core.windows.net/public-files/historical-results/state2014/monbulkdistrict.html,4d38dc82f9bb71cdc0a3bd53cc8efecd1e575dd6b65fa457ac65627ed7abf2e5,4d38dc82f9bb71cdc0a3bd53cc8efecd1e575dd6b65fa457ac65627ed7abf2e5,https://itsitecoreblobvecprd01.blob.core.windows.net/public-files/historical-results/state2014/monbulkdistrict.html,4d38dc82f9bb71cdc0a3bd53cc8efecd1e575dd6b65fa457ac65627ed7abf2e5,"MERLINO, James",AUSTRALIAN LABOR PARTY,ALP,"MERLINO, James",AUSTRALIAN LABOR PARTY,ALP,20643,54.98,"VERSCHUUR, Mark",LIBERAL,Coalition,16905,45.02,ALP,ALP-Coalition,True,governed-vec-final-total-parser,results-after-distribution,1
vic_la_2014,mordialloc,Mordialloc,https://itsitecoreblobvecprd01.blob.core.windows.net/public-files/historical-results/state2014/mordiallocdistrict.html,3756bc7970bf53afd4a74940eff7c1462734a2493cccb73bc9bf5f3439c8e72d,3756bc7970bf53afd4a74940eff7c1462734a2493cccb73bc9bf5f3439c8e72d,https://itsitecoreblobvecprd01.blob.core.windows.net/public-files/historical-results/state2014/mordiallocdistrict.html,3756bc7970bf53afd4a74940eff7c1462734a2493cccb73bc9bf5f3439c8e72d,"RICHARDSON, Tim",AUSTRALIAN LABOR PARTY,ALP,"RICHARDSON, Tim",AUSTRALIAN LABOR PARTY,ALP,19981,52.1,"WREFORD, Lorraine",LIBERAL,Coalition,18373,47.9,ALP,ALP-Coalition,True,governed-vec-final-total-parser,results-after-distribution,1
vic_la_2014,mornington,Mornington,https://itsitecoreblobvecprd01.blob.core.windows.net/public-files/historical-results/state2014/morningtondistrict.html,2b06028e43d06b949c1dd663dd58de649fca5c8a416cf6aa975af5183c4788dc,2b06028e43d06b949c1dd663dd58de649fca5c8a416cf6aa975af5183c4788dc,https://itsitecoreblobvecprd01.blob.core.windows.net/public-files/historical-results/state2014/morningtondistrict.html,2b06028e43d06b949c1dd663dd58de649fca5c8a416cf6aa975af5183c4788dc,"MORRIS, David",LIBERAL,Coalition,,,,,,,,,,,Coalition,,False,not-available-on-official-early-majority-page,final-pair-unavailable-early-majority,0
vic_la_2014,morwell,Morwell,https://itsitecoreblobvecprd01.blob.core.windows.net/public-files/historical-results/state2014/morwelldistrict.html,1e57cc8ac855669d4055acefd22db5f9ce3cd8fe9f5b37cf784eb31eb6dcd293,1e57cc8ac855669d4055acefd22db5f9ce3cd8fe9f5b37cf784eb31eb6dcd293,https://itsitecoreblobvecprd01.blob.core.windows.net/public-files/historical-results/state2014/morwelldistrict.html,1e57cc8ac855669d4055acefd22db5f9ce3cd8fe9f5b37cf784eb31eb6dcd293,"NORTHE, Russell",THE NATIONALS,Coalition,"MINTERN, Jadon",AUSTRALIAN LABOR PARTY,ALP,19343,48.2,"NORTHE, Russell",THE NATIONALS,Coalition,20787,51.8,Coalition,ALP-Coalition,True,governed-vec-final-total-parser,results-after-distribution,0
vic_la_2014,mount-waverley,Mount Waverley,https://itsitecoreblobvecprd01.blob.core.windows.net/public-files/historical-results/state2014/mountwaverleydistrict.html,d675494237c0aa486c7ed5bfb5e2639577b9cbe10a7202c218165a118b5ee6e0,d675494237c0aa486c7ed5bfb5e2639577b9cbe10a7202c218165a118b5ee6e0,https://itsitecoreblobvecprd01.blob.core.windows.net/public-files/historical-results/state2014/mountwaverleydistrict.html,d675494237c0aa486c7ed5bfb5e2639577b9cbe10a7202c218165a118b5ee6e0,"GIDLEY, Michael",LIBERAL,Coalition,,,,,,,,,,,Coalition,,False,not-available-on-official-early-majority-page,final-pair-unavailable-early-majority,0
vic_la_2014,mulgrave,Mulgrave,https://itsitecoreblobvecprd01.blob.core.windows.net/public-files/historical-results/state2014/mulgravedistrict.html,ef883b856f4b1c111479d6e84135193aad376daeddcf60f1daa6ffcebf879e0a,ef883b856f4b1c111479d6e84135193aad376daeddcf60f1daa6ffcebf879e0a,https://itsitecoreblobvecprd01.blob.core.windows.net/public-files/historical-results/state2014/mulgravedistrict.html,ef883b856f4b1c111479d6e84135193aad376daeddcf60f1daa6ffcebf879e0a,"ANDREWS, Daniel",AUSTRALIAN LABOR PARTY,ALP,"DAVIES, Robert",LIBERAL,Coalition,16317,45.52,"ANDREWS, Daniel",AUSTRALIAN LABOR PARTY,ALP,19528,54.48,ALP,Coalition-ALP,True,governed-vec-final-total-parser,results-after-distribution,1
vic_la_2014,murray-plains,Murray Plains,https://itsitecoreblobvecprd01.blob.core.windows.net/public-files/historical-results/state2014/murrayplainsdistrict.html,a3aafec450ec4637ac19236706919747e80046639020815c429cf4f5d80ab4be,a3aafec450ec4637ac19236706919747e80046639020815c429cf4f5d80ab4be,https://itsitecoreblobvecprd01.blob.core.windows.net/public-files/historical-results/state2014/murrayplainsdistrict.html,a3aafec450ec4637ac19236706919747e80046639020815c429cf4f5d80ab4be,"WALSH, Peter",THE NATIONALS,Coalition,,,,,,,,,,,Coalition,,False,not-available-on-official-early-majority-page,final-pair-unavailable-early-majority,0
vic_la_2014,narracan,Narracan,https://itsitecoreblobvecprd01.blob.core.windows.net/public-files/historical-results/state2014/narracandistrict.html,b055fd60253b8993943e48718209e43869b57f568c352b72f30aff167d7d7d66,b055fd60253b8993943e48718209e43869b57f568c352b72f30aff167d7d7d66,https://itsitecoreblobvecprd01.blob.core.windows.net/public-files/historical-results/state2014/narracandistrict.html,b055fd60253b8993943e48718209e43869b57f568c352b72f30aff167d7d7d66,"BLACKWOOD, Gary",LIBERAL,Coalition,,,,,,,,,,,Coalition,,False,not-available-on-official-early-majority-page,final-pair-unavailable-early-majority,0
vic_la_2014,narre-warren-north,Narre Warren North,https://itsitecoreblobvecprd01.blob.core.windows.net/public-files/historical-results/state2014/narrewarrennorthdistrict.html,2809a165c1b57ebdf34695ec68e6ce8fa19550554c8488f29677bc52036064b8,2809a165c1b57ebdf34695ec68e6ce8fa19550554c8488f29677bc52036064b8,https://itsitecoreblobvecprd01.blob.core.windows.net/public-files/historical-results/state2014/narrewarrennorthdistrict.html,2809a165c1b57ebdf34695ec68e6ce8fa19550554c8488f29677bc52036064b8,"DONNELLAN, Luke",AUSTRALIAN LABOR PARTY,ALP,"STAPLEDON, Amanda",LIBERAL,Coalition,16981,45.44,"DONNELLAN, Luke",AUSTRALIAN LABOR PARTY,ALP,20392,54.56,ALP,Coalition-ALP,True,governed-vec-final-total-parser,results-after-distribution,1
vic_la_2014,narre-warren-south,Narre Warren South,https://itsitecoreblobvecprd01.blob.core.windows.net/public-files/historical-results/state2014/narrewarrensouthdistrict.html,b589f17520d5596be3c5ecc411d27726790bd504fec1b6ec75235a373453aa90,b589f17520d5596be3c5ecc411d27726790bd504fec1b6ec75235a373453aa90,https://itsitecoreblobvecprd01.blob.core.windows.net/public-files/historical-results/state2014/narrewarrensouthdistrict.html,b589f17520d5596be3c5ecc411d27726790bd504fec1b6ec75235a373453aa90,"GRALEY, Judith",AUSTRALIAN LABOR PARTY,ALP,"SEREY, Susan",LIBERAL,Coalition,18016,44.51,"GRALEY, Judith",AUSTRALIAN LABOR PARTY,ALP,22461,55.49,ALP,Coalition-ALP,True,governed-vec-final-total-parser,results-after-distribution,1
vic_la_2014,nepean,Nepean,https://itsitecoreblobvecprd01.blob.core.windows.net/public-files/historical-results/state2014/nepeandistrict.html,7930305c95550bbab37d77725059452659389d4bb35220e86f00d589b473f7a5,7930305c95550bbab37d77725059452659389d4bb35220e86f00d589b473f7a5,https://itsitecoreblobvecprd01.blob.core.windows.net/public-files/historical-results/state2014/nepeandistrict.html,7930305c95550bbab37d77725059452659389d4bb35220e86f00d589b473f7a5,"DIXON, Martin",LIBERAL,Coalition,,,,,,,,,,,Coalition,,False,not-available-on-official-early-majority-page,final-pair-unavailable-early-majority,0
vic_la_2014,niddrie,Niddrie,https://itsitecoreblobvecprd01.blob.core.windows.net/public-files/historical-results/state2014/niddriedistrict.html,bb51c2229f2221c95038ba7f792be262fd7221a43adcfac851856c3bdf180ba3,bb51c2229f2221c95038ba7f792be262fd7221a43adcfac851856c3bdf180ba3,https://itsitecoreblobvecprd01.blob.core.windows.net/public-files/historical-results/state2014/niddriedistrict.html,bb51c2229f2221c95038ba7f792be262fd7221a43adcfac851856c3bdf180ba3,"CARROLL, Ben",AUSTRALIAN LABOR PARTY,ALP,"CARROLL, Ben",AUSTRALIAN LABOR PARTY,ALP,21686,57.71,"GAUCI MAURICI, Rebecca",LIBERAL,Coalition,15891,42.29,ALP,ALP-Coalition,True,governed-vec-final-total-parser,results-after-distribution,1
vic_la_2014,northcote,Northcote,https://itsitecoreblobvecprd01.blob.core.windows.net/public-files/historical-results/state2014/northcotedistrict.html,7ec28b40116706824433fc960ccaa2e24cc8ad2bdfeb0cb9b743e8ae373fab55,7ec28b40116706824433fc960ccaa2e24cc8ad2bdfeb0cb9b743e8ae373fab55,https://itsitecoreblobvecprd01.blob.core.windows.net/public-files/historical-results/state2014/northcotedistrict.html,7ec28b40116706824433fc960ccaa2e24cc8ad2bdfeb0cb9b743e8ae373fab55,"RICHARDSON, Fiona",AUSTRALIAN LABOR PARTY,ALP,"RICHARDSON, Fiona",AUSTRALIAN LABOR PARTY,ALP,21783,56.04,"McCARTHY, Trent",AUSTRALIAN GREENS,Greens,17088,43.96,ALP,ALP-Greens,True,governed-vec-final-total-parser,results-after-distribution,1
vic_la_2014,oakleigh,Oakleigh,https://itsitecoreblobvecprd01.blob.core.windows.net/public-files/historical-results/state2014/oakleighdistrict.html,03fad5af93279e00987e7a1743591c3b56afa8cf200a4ca4c747dffe32094960,03fad5af93279e00987e7a1743591c3b56afa8cf200a4ca4c747dffe32094960,https://itsitecoreblobvecprd01.blob.core.windows.net/public-files/historical-results/state2014/oakleighdistrict.html,03fad5af93279e00987e7a1743591c3b56afa8cf200a4ca4c747dffe32094960,"DIMOPOULOS, Steve",AUSTRALIAN LABOR PARTY,ALP,"DIMOPOULOS, Steve",AUSTRALIAN LABOR PARTY,ALP,20224,58.18,"ZOGRAPHOS, Theo",LIBERAL,Coalition,14536,41.82,ALP,ALP-Coalition,True,governed-vec-final-total-parser,results-after-distribution,1
vic_la_2014,ovens-valley,Ovens Valley,https://itsitecoreblobvecprd01.blob.core.windows.net/public-files/historical-results/state2014/ovensvalleydistrict.html,41a041187800044031412f9e889e66234a7a93af495fa6778937453f95134ad2,41a041187800044031412f9e889e66234a7a93af495fa6778937453f95134ad2,https://itsitecoreblobvecprd01.blob.core.windows.net/public-files/historical-results/state2014/ovensvalleydistrict.html,41a041187800044031412f9e889e66234a7a93af495fa6778937453f95134ad2,"McCURDY, Tim",THE NATIONALS,Coalition,,,,,,,,,,,Coalition,,False,not-available-on-official-early-majority-page,final-pair-unavailable-early-majority,0
vic_la_2014,pascoe-vale,Pascoe Vale,https://itsitecoreblobvecprd01.blob.core.windows.net/public-files/historical-results/state2014/pascoevaledistrict.html,af8e0e300bf440d483f14821a86939a7598225507447ccfbb707cde4e88d3e83,af8e0e300bf440d483f14821a86939a7598225507447ccfbb707cde4e88d3e83,https://itsitecoreblobvecprd01.blob.core.windows.net/public-files/historical-results/state2014/distributionpascoevaledistrict.html,4bdaf06ccfce2dbb57213b245fea617834e7123dff7b6e4c8483757e64b4c716,"BLANDTHORN, Lizzie",AUSTRALIAN LABOR PARTY,ALP,"BLANDTHORN, Lizzie",AUSTRALIAN LABOR PARTY,ALP,19825,63.94,"KHOO, Jacqueline",LIBERAL,Coalition,11181,36.06,ALP,ALP-Coalition,True,governed-vec-final-total-parser,distribution-page-final-total,1
vic_la_2014,polwarth,Polwarth,https://itsitecoreblobvecprd01.blob.core.windows.net/public-files/historical-results/state2014/polwarthdistrict.html,b95086e630d810a0865592822f2da62f0bbf9c70b48da8df7bc1e8d8e42d517a,b95086e630d810a0865592822f2da62f0bbf9c70b48da8df7bc1e8d8e42d517a,https://itsitecoreblobvecprd01.blob.core.windows.net/public-files/historical-results/state2014/polwarthdistrict.html,b95086e630d810a0865592822f2da62f0bbf9c70b48da8df7bc1e8d8e42d517a,"MULDER, Terry",LIBERAL,Coalition,,,,,,,,,,,Coalition,,False,not-available-on-official-early-majority-page,final-pair-unavailable-early-majority,0
vic_la_2014,prahran,Prahran,https://itsitecoreblobvecprd01.blob.core.windows.net/public-files/historical-results/state2014/prahrandistrict.html,ac84d9f4e9ca8d4b39e4d66e642bc94220539146399267b34a000e3dc1719986,ac84d9f4e9ca8d4b39e4d66e642bc94220539146399267b34a000e3dc1719986,https://itsitecoreblobvecprd01.blob.core.windows.net/public-files/historical-results/state2014/prahrandistrict.html,ac84d9f4e9ca8d4b39e4d66e642bc94220539146399267b34a000e3dc1719986,"HIBBINS, Sam",AUSTRALIAN GREENS,Greens,"HIBBINS, Sam",AUSTRALIAN GREENS,Greens,18640,50.37,"NEWTON-BROWN, Clem",LIBERAL,Coalition,18363,49.63,Greens,Greens-Coalition,True,governed-vec-final-total-parser,results-after-distribution,0
vic_la_2014,preston,Preston,https://itsitecoreblobvecprd01.blob.core.windows.net/public-files/historical-results/state2014/prestondistrict.html,cd227c0398919d02ac701677417b0463b7e3d56c2640a1bf8e49e82effe53b62,cd227c0398919d02ac701677417b0463b7e3d56c2640a1bf8e49e82effe53b62,https://itsitecoreblobvecprd01.blob.core.windows.net/public-files/historical-results/state2014/distributionprestondistrict.html,972ebba27282cf0974bb91ddecb14039a0d229ad5ff559681d4a9d15c6725add,"SCOTT, Robin",AUSTRALIAN LABOR PARTY,ALP,"SCOTT, Robin",AUSTRALIAN LABOR PARTY,ALP,19121,68.72,"LJUBICIC, Rose",AUSTRALIAN GREENS,Greens,8703,31.28,ALP,ALP-Greens,True,governed-vec-final-total-parser,distribution-page-final-total,1
vic_la_2014,richmond,Richmond,https://itsitecoreblobvecprd01.blob.core.windows.net/public-files/historical-results/state2014/richmonddistrict.html,d2c1ac779835259a9db38dd79d92abf922fa3c9d93a3555acf22b44691eadf8e,d2c1ac779835259a9db38dd79d92abf922fa3c9d93a3555acf22b44691eadf8e,https://itsitecoreblobvecprd01.blob.core.windows.net/public-files/historical-results/state2014/richmonddistrict.html,d2c1ac779835259a9db38dd79d92abf922fa3c9d93a3555acf22b44691eadf8e,"WYNNE, Richard",AUSTRALIAN LABOR PARTY,ALP,"MALTZAHN, Kathleen",AUSTRALIAN GREENS,Greens,19304,48.14,"WYNNE, Richard",AUSTRALIAN LABOR PARTY,ALP,20798,51.86,ALP,Greens-ALP,True,governed-vec-final-total-parser,results-after-distribution,1
vic_la_2014,ringwood,Ringwood,https://itsitecoreblobvecprd01.blob.core.windows.net/public-files/historical-results/state2014/ringwooddistrict.html,7dc0311bcf54814511590787454eadeffd6fe0c5c24427e6d41584f1a0d236a3,7dc0311bcf54814511590787454eadeffd6fe0c5c24427e6d41584f1a0d236a3,https://itsitecoreblobvecprd01.blob.core.windows.net/public-files/historical-results/state2014/distributionringwooddistrict.html,416eed810d28c77b786d99577a27035771ee59b859c75d3b8eac4c559568e375,"RYALL, Dee",LIBERAL,Coalition,"RYALL, Dee",LIBERAL,Coalition,18350,60.38,"CLARK, Tony",AUSTRALIAN LABOR PARTY,ALP,12039,39.62,Coalition,Coalition-ALP,True,governed-vec-final-total-parser,distribution-page-final-total,0
vic_la_2014,ripon,Ripon,https://itsitecoreblobvecprd01.blob.core.windows.net/public-files/historical-results/state2014/ripondistrict.html,1f9f4bca9d91b6573166028db83a97e0f77d835bc7a04b106d3bb8f35347356e,1f9f4bca9d91b6573166028db83a97e0f77d835bc7a04b106d3bb8f35347356e,https://itsitecoreblobvecprd01.blob.core.windows.net/public-files/historical-results/state2014/ripondistrict.html,1f9f4bca9d91b6573166028db83a97e0f77d835bc7a04b106d3bb8f35347356e,"STALEY, Louise",LIBERAL,Coalition,"McGLONE, Daniel",AUSTRALIAN LABOR PARTY,ALP,19728,49.25,"STALEY, Louise",LIBERAL,Coalition,20329,50.75,Coalition,ALP-Coalition,True,governed-vec-final-total-parser,results-after-distribution,0
vic_la_2014,rowville,Rowville,https://itsitecoreblobvecprd01.blob.core.windows.net/public-files/historical-results/state2014/rowvilledistrict.html,b8bf2796b61febf8262a4de27ccd1d20b2c98ed0a3f90b67a796349824acd047,b8bf2796b61febf8262a4de27ccd1d20b2c98ed0a3f90b67a796349824acd047,https://itsitecoreblobvecprd01.blob.core.windows.net/public-files/historical-results/state2014/rowvilledistrict.html,b8bf2796b61febf8262a4de27ccd1d20b2c98ed0a3f90b67a796349824acd047,"WELLS, Kim",LIBERAL,Coalition,,,,,,,,,,,Coalition,,False,not-available-on-official-early-majority-page,final-pair-unavailable-early-majority,0
vic_la_2014,sandringham,Sandringham,https://itsitecoreblobvecprd01.blob.core.windows.net/public-files/historical-results/state2014/sandringhamdistrict.html,e0974f7a4094c8a283e901d72b50b508a898ce4d633675c3e7f055565b2df929,e0974f7a4094c8a283e901d72b50b508a898ce4d633675c3e7f055565b2df929,https://itsitecoreblobvecprd01.blob.core.windows.net/public-files/historical-results/state2014/sandringhamdistrict.html,e0974f7a4094c8a283e901d72b50b508a898ce4d633675c3e7f055565b2df929,"THOMPSON, Murray",LIBERAL,Coalition,,,,,,,,,,,Coalition,,False,not-available-on-official-early-majority-page,final-pair-unavailable-early-majority,0
vic_la_2014,shepparton,Shepparton,https://itsitecoreblobvecprd01.blob.core.windows.net/public-files/historical-results/state2014/sheppartondistrict.html,5ced252425ceac2727dfc13230e72696f1d9336d8785e5d7f33e15a3336337a0,5ced252425ceac2727dfc13230e72696f1d9336d8785e5d7f33e15a3336337a0,https://itsitecoreblobvecprd01.blob.core.windows.net/public-files/historical-results/state2014/sheppartondistrict.html,5ced252425ceac2727dfc13230e72696f1d9336d8785e5d7f33e15a3336337a0,"SHEED, Suzanna",,Other/Independent,"BARR, Greg",THE NATIONALS,Coalition,19123,47.37,"SHEED, Suzanna",,Other/Independent,21247,52.63,Other/Independent,Coalition-Other/Independent,True,governed-vec-final-total-parser,results-after-distribution,0
vic_la_2014,south-barwon,South Barwon,https://itsitecoreblobvecprd01.blob.core.windows.net/public-files/historical-results/state2014/southbarwondistrict.html,449e8c42ab8ea9eb6a20a54119183593339b9042d22bac57c8f4ed91a35ee575,449e8c42ab8ea9eb6a20a54119183593339b9042d22bac57c8f4ed91a35ee575,https://itsitecoreblobvecprd01.blob.core.windows.net/public-files/historical-results/state2014/southbarwondistrict.html,449e8c42ab8ea9eb6a20a54119183593339b9042d22bac57c8f4ed91a35ee575,"KATOS, Andrew",LIBERAL,Coalition,"KATOS, Andrew",LIBERAL,Coalition,21563,52.86,"RICHARDS, Andy",AUSTRALIAN LABOR PARTY,ALP,19231,47.14,Coalition,Coalition-ALP,True,governed-vec-final-total-parser,results-after-distribution,0
vic_la_2014,south-west-coast,South-West Coast,https://itsitecoreblobvecprd01.blob.core.windows.net/public-files/historical-results/state2014/south-westcoastdistrict.html,2a7ab4af1671705418e5a6c7f42fe936df4646f616e721d2983b2cf59e4f175b,2a7ab4af1671705418e5a6c7f42fe936df4646f616e721d2983b2cf59e4f175b,https://itsitecoreblobvecprd01.blob.core.windows.net/public-files/historical-results/state2014/south-westcoastdistrict.html,2a7ab4af1671705418e5a6c7f42fe936df4646f616e721d2983b2cf59e4f175b,"NAPTHINE, Denis",LIBERAL,Coalition,,,,,,,,,,,Coalition,,False,not-available-on-official-early-majority-page,final-pair-unavailable-early-majority,0
vic_la_2014,st-albans,St Albans,https://itsitecoreblobvecprd01.blob.core.windows.net/public-files/historical-results/state2014/stalbansdistrict.html,fe9501da4b9d5619ac42f67b261f1aa27af7bb6b1b0be6976114b152340c9e82,fe9501da4b9d5619ac42f67b261f1aa27af7bb6b1b0be6976114b152340c9e82,https://itsitecoreblobvecprd01.blob.core.windows.net/public-files/historical-results/state2014/stalbansdistrict.html,fe9501da4b9d5619ac42f67b261f1aa27af7bb6b1b0be6976114b152340c9e82,"SULEYMAN, Natalie",AUSTRALIAN LABOR PARTY,ALP,,,,,,,,,,,ALP,,False,not-available-on-official-early-majority-page,final-pair-unavailable-early-majority,1
vic_la_2014,sunbury,Sunbury,https://itsitecoreblobvecprd01.blob.core.windows.net/public-files/historical-results/state2014/sunburydistrict.html,f439d764e90f4fdc30ec7b471d4421e26bcb34c524e679950d7f344981baf179,f439d764e90f4fdc30ec7b471d4421e26bcb34c524e679950d7f344981baf179,https://itsitecoreblobvecprd01.blob.core.windows.net/public-files/historical-results/state2014/sunburydistrict.html,f439d764e90f4fdc30ec7b471d4421e26bcb34c524e679950d7f344981baf179,"BULL, Josh",AUSTRALIAN LABOR PARTY,ALP,"HAGAN, Jo",LIBERAL,Coalition,16952,45.7,"BULL, Josh",AUSTRALIAN LABOR PARTY,ALP,20139,54.3,ALP,Coalition-ALP,True,governed-vec-final-total-parser,results-after-distribution,1
vic_la_2014,sydenham,Sydenham,https://itsitecoreblobvecprd01.blob.core.windows.net/public-files/historical-results/state2014/sydenhamdistrict.html,0f0fd6f11deba1ce6418df6d98827e241cc9780108b6b4c37ca263eefe2bbdcc,0f0fd6f11deba1ce6418df6d98827e241cc9780108b6b4c37ca263eefe2bbdcc,https://itsitecoreblobvecprd01.blob.core.windows.net/public-files/historical-results/state2014/sydenhamdistrict.html,0f0fd6f11deba1ce6418df6d98827e241cc9780108b6b4c37ca263eefe2bbdcc,"HUTCHINS, Natalie",AUSTRALIAN LABOR PARTY,ALP,,,,,,,,,,,ALP,,False,not-available-on-official-early-majority-page,final-pair-unavailable-early-majority,1
vic_la_2014,tarneit,Tarneit,https://itsitecoreblobvecprd01.blob.core.windows.net/public-files/historical-results/state2014/tarneitdistrict.html,08cc3aed0f811000d9fbda94779a48f4cae9696843834183dba90707efc67a59,08cc3aed0f811000d9fbda94779a48f4cae9696843834183dba90707efc67a59,https://itsitecoreblobvecprd01.blob.core.windows.net/public-files/historical-results/state2014/distributiontarneitdistrict.html,6d96b1d23e6721ab74071487f561661ac96fe9a3062a019c4c462f0da15a502e,"LANGUILLER, Telmo",AUSTRALIAN LABOR PARTY,ALP,"LANGUILLER, Telmo",AUSTRALIAN LABOR PARTY,ALP,18864,62.6,"GOURISETTY, Dinesh",LIBERAL,Coalition,11271,37.4,ALP,ALP-Coalition,True,governed-vec-final-total-parser,distribution-page-final-total,1
vic_la_2014,thomastown,Thomastown,https://itsitecoreblobvecprd01.blob.core.windows.net/public-files/historical-results/state2014/thomastowndistrict.html,d7e0cd701690d8cf7c129af8053e1a49a32671cb9bf29c39bc7daacfb97ac570,d7e0cd701690d8cf7c129af8053e1a49a32671cb9bf29c39bc7daacfb97ac570,https://itsitecoreblobvecprd01.blob.core.windows.net/public-files/historical-results/state2014/thomastowndistrict.html,d7e0cd701690d8cf7c129af8053e1a49a32671cb9bf29c39bc7daacfb97ac570,"HALFPENNY, Bronwyn",AUSTRALIAN LABOR PARTY,ALP,,,,,,,,,,,ALP,,False,not-available-on-official-early-majority-page,final-pair-unavailable-early-majority,1
vic_la_2014,warrandyte,Warrandyte,https://itsitecoreblobvecprd01.blob.core.windows.net/public-files/historical-results/state2014/warrandytedistrict.html,7382dc3a6c3016fb276bf50cccf68060308e26681461296acc82a94325814398,7382dc3a6c3016fb276bf50cccf68060308e26681461296acc82a94325814398,https://itsitecoreblobvecprd01.blob.core.windows.net/public-files/historical-results/state2014/warrandytedistrict.html,7382dc3a6c3016fb276bf50cccf68060308e26681461296acc82a94325814398,"SMITH, Ryan",LIBERAL,Coalition,,,,,,,,,,,Coalition,,False,not-available-on-official-early-majority-page,final-pair-unavailable-early-majority,0
vic_la_2014,wendouree,Wendouree,https://itsitecoreblobvecprd01.blob.core.windows.net/public-files/historical-results/state2014/wendoureedistrict.html,e29760bdc33a49ce519b3f5768ad9178f2a361ab763d30e78fe5945d992ad0bc,e29760bdc33a49ce519b3f5768ad9178f2a361ab763d30e78fe5945d992ad0bc,https://itsitecoreblobvecprd01.blob.core.windows.net/public-files/historical-results/state2014/wendoureedistrict.html,e29760bdc33a49ce519b3f5768ad9178f2a361ab763d30e78fe5945d992ad0bc,"KNIGHT, Sharon",AUSTRALIAN LABOR PARTY,ALP,"KNIGHT, Sharon",AUSTRALIAN LABOR PARTY,ALP,20270,55.79,"COLTMAN, Craig",LIBERAL,Coalition,16063,44.21,ALP,ALP-Coalition,True,governed-vec-final-total-parser,results-after-distribution,1
vic_la_2014,werribee,Werribee,https://itsitecoreblobvecprd01.blob.core.windows.net/public-files/historical-results/state2014/werribeedistrict.html,1928a5fbe8e20b78c7cc50cb577865d8825196665f4a1f50c642bfb7163ce168,1928a5fbe8e20b78c7cc50cb577865d8825196665f4a1f50c642bfb7163ce168,https://itsitecoreblobvecprd01.blob.core.windows.net/public-files/historical-results/state2014/werribeedistrict.html,1928a5fbe8e20b78c7cc50cb577865d8825196665f4a1f50c642bfb7163ce168,"PALLAS, Tim",AUSTRALIAN LABOR PARTY,ALP,,,,,,,,,,,ALP,,False,not-available-on-official-early-majority-page,final-pair-unavailable-early-majority,1
vic_la_2014,williamstown,Williamstown,https://itsitecoreblobvecprd01.blob.core.windows.net/public-files/historical-results/state2014/williamstowndistrict.html,2d77cff21efa0a5f35ee97fc51f8f1bf8c559d200e371f94250af01d4fdf6797,2d77cff21efa0a5f35ee97fc51f8f1bf8c559d200e371f94250af01d4fdf6797,https://itsitecoreblobvecprd01.blob.core.windows.net/public-files/historical-results/state2014/williamstowndistrict.html,2d77cff21efa0a5f35ee97fc51f8f1bf8c559d200e371f94250af01d4fdf6797,"NOONAN, Wade",AUSTRALIAN LABOR PARTY,ALP,"SHEA, Alan",LIBERAL,Coalition,13805,33.46,"NOONAN, Wade",AUSTRALIAN LABOR PARTY,ALP,27453,66.54,ALP,Coalition-ALP,True,governed-vec-final-total-parser,results-after-distribution,1
vic_la_2014,yan-yean,Yan Yean,https://itsitecoreblobvecprd01.blob.core.windows.net/public-files/historical-results/state2014/yanyeandistrict.html,02460965c437c6af85e4aaf8a1849cb227d2d5dc32301d0c455e4ec8a4f78233,02460965c437c6af85e4aaf8a1849cb227d2d5dc32301d0c455e4ec8a4f78233,https://itsitecoreblobvecprd01.blob.core.windows.net/public-files/historical-results/state2014/yanyeandistrict.html,02460965c437c6af85e4aaf8a1849cb227d2d5dc32301d0c455e4ec8a4f78233,"GREEN, Danielle",AUSTRALIAN LABOR PARTY,ALP,"GREEN, Danielle",AUSTRALIAN LABOR PARTY,ALP,21831,53.65,"OZTURK, Sam",LIBERAL,Coalition,18858,46.35,ALP,ALP-Coalition,True,governed-vec-final-total-parser,results-after-distribution,1
vic_la_2014,yuroke,Yuroke,https://itsitecoreblobvecprd01.blob.core.windows.net/public-files/historical-results/state2014/yurokedistrict.html,c0d37d1fbf5181ab3e94e8bcf2b946f5d57e68e221ef30f4fce19161b6ad2eb6,c0d37d1fbf5181ab3e94e8bcf2b946f5d57e68e221ef30f4fce19161b6ad2eb6,https://itsitecoreblobvecprd01.blob.core.windows.net/public-files/historical-results/state2014/yurokedistrict.html,c0d37d1fbf5181ab3e94e8bcf2b946f5d57e68e221ef30f4fce19161b6ad2eb6,"SPENCE, Ros",AUSTRALIAN LABOR PARTY,ALP,,,,,,,,,,,ALP,,False,not-available-on-official-early-majority-page,final-pair-unavailable-early-majority,1
