election_id,region_id,region_name,candidate_name,party_name,first_preference_votes,formal_votes,quota,source_url,source_sha256
vic_lc_2010,eastern-metropolitan-region,Eastern Metropolitan Region,"LA MANNA, Pat",DLP,9769,389611,64936,https://itsitecoreblobvecprd01.blob.core.windows.net/public-files/historical-results/state2010/state2010resulteasternmetropolitanregion.html,3d687358d9d112ed0f20597bdc4d7c40295c501340ebc909ce43a281270cdfb9
vic_lc_2010,eastern-metropolitan-region,Eastern Metropolitan Region,"KOS, Stefan",DLP,132,389611,64936,https://itsitecoreblobvecprd01.blob.core.windows.net/public-files/historical-results/state2010/state2010resulteasternmetropolitanregion.html,3d687358d9d112ed0f20597bdc4d7c40295c501340ebc909ce43a281270cdfb9
vic_lc_2010,eastern-metropolitan-region,Eastern Metropolitan Region,"PRICE, Beverley",DLP,95,389611,64936,https://itsitecoreblobvecprd01.blob.core.windows.net/public-files/historical-results/state2010/state2010resulteasternmetropolitanregion.html,3d687358d9d112ed0f20597bdc4d7c40295c501340ebc909ce43a281270cdfb9
vic_lc_2010,eastern-metropolitan-region,Eastern Metropolitan Region,"COSTA, Simon",DLP,86,389611,64936,https://itsitecoreblobvecprd01.blob.core.windows.net/public-files/historical-results/state2010/state2010resulteasternmetropolitanregion.html,3d687358d9d112ed0f20597bdc4d7c40295c501340ebc909ce43a281270cdfb9
vic_lc_2010,eastern-metropolitan-region,Eastern Metropolitan Region,"BYRNE, Gregory",DLP,79,389611,64936,https://itsitecoreblobvecprd01.blob.core.windows.net/public-files/historical-results/state2010/state2010resulteasternmetropolitanregion.html,3d687358d9d112ed0f20597bdc4d7c40295c501340ebc909ce43a281270cdfb9
vic_lc_2010,eastern-metropolitan-region,Eastern Metropolitan Region,"OSBORNE, Anthony Charles",,1027,389611,64936,https://itsitecoreblobvecprd01.blob.core.windows.net/public-files/historical-results/state2010/state2010resulteasternmetropolitanregion.html,3d687358d9d112ed0f20597bdc4d7c40295c501340ebc909ce43a281270cdfb9
vic_lc_2010,eastern-metropolitan-region,Eastern Metropolitan Region,"OSBORNE, Laurinda Ann",,52,389611,64936,https://itsitecoreblobvecprd01.blob.core.windows.net/public-files/historical-results/state2010/state2010resulteasternmetropolitanregion.html,3d687358d9d112ed0f20597bdc4d7c40295c501340ebc909ce43a281270cdfb9
vic_lc_2010,eastern-metropolitan-region,Eastern Metropolitan Region,"LEANE, Shaun",ALP,117706,389611,64936,https://itsitecoreblobvecprd01.blob.core.windows.net/public-files/historical-results/state2010/state2010resulteasternmetropolitanregion.html,3d687358d9d112ed0f20597bdc4d7c40295c501340ebc909ce43a281270cdfb9
vic_lc_2010,eastern-metropolitan-region,Eastern Metropolitan Region,"TEE, Brian",ALP,167,389611,64936,https://itsitecoreblobvecprd01.blob.core.windows.net/public-files/historical-results/state2010/state2010resulteasternmetropolitanregion.html,3d687358d9d112ed0f20597bdc4d7c40295c501340ebc909ce43a281270cdfb9
vic_lc_2010,eastern-metropolitan-region,Eastern Metropolitan Region,"PAUL, Anne",ALP,181,389611,64936,https://itsitecoreblobvecprd01.blob.core.windows.net/public-files/historical-results/state2010/state2010resulteasternmetropolitanregion.html,3d687358d9d112ed0f20597bdc4d7c40295c501340ebc909ce43a281270cdfb9
vic_lc_2010,eastern-metropolitan-region,Eastern Metropolitan Region,"CLARKE, Hayley",ALP,521,389611,64936,https://itsitecoreblobvecprd01.blob.core.windows.net/public-files/historical-results/state2010/state2010resulteasternmetropolitanregion.html,3d687358d9d112ed0f20597bdc4d7c40295c501340ebc909ce43a281270cdfb9
vic_lc_2010,eastern-metropolitan-region,Eastern Metropolitan Region,"VOUT, Paul",ALP,104,389611,64936,https://itsitecoreblobvecprd01.blob.core.windows.net/public-files/historical-results/state2010/state2010resulteasternmetropolitanregion.html,3d687358d9d112ed0f20597bdc4d7c40295c501340ebc909ce43a281270cdfb9
vic_lc_2010,eastern-metropolitan-region,Eastern Metropolitan Region,"LAKE, Peter",FAMILY FIRST,11883,389611,64936,https://itsitecoreblobvecprd01.blob.core.windows.net/public-files/historical-results/state2010/state2010resulteasternmetropolitanregion.html,3d687358d9d112ed0f20597bdc4d7c40295c501340ebc909ce43a281270cdfb9
vic_lc_2010,eastern-metropolitan-region,Eastern Metropolitan Region,"SCHWAB, Gillian",FAMILY FIRST,82,389611,64936,https://itsitecoreblobvecprd01.blob.core.windows.net/public-files/historical-results/state2010/state2010resulteasternmetropolitanregion.html,3d687358d9d112ed0f20597bdc4d7c40295c501340ebc909ce43a281270cdfb9
vic_lc_2010,eastern-metropolitan-region,Eastern Metropolitan Region,"GOODMAN, Phil",FAMILY FIRST,80,389611,64936,https://itsitecoreblobvecprd01.blob.core.windows.net/public-files/historical-results/state2010/state2010resulteasternmetropolitanregion.html,3d687358d9d112ed0f20597bdc4d7c40295c501340ebc909ce43a281270cdfb9
vic_lc_2010,eastern-metropolitan-region,Eastern Metropolitan Region,"GOH, Yuli",FAMILY FIRST,108,389611,64936,https://itsitecoreblobvecprd01.blob.core.windows.net/public-files/historical-results/state2010/state2010resulteasternmetropolitanregion.html,3d687358d9d112ed0f20597bdc4d7c40295c501340ebc909ce43a281270cdfb9
vic_lc_2010,eastern-metropolitan-region,Eastern Metropolitan Region,"MAGNER, Damian",Greens,43100,389611,64936,https://itsitecoreblobvecprd01.blob.core.windows.net/public-files/historical-results/state2010/state2010resulteasternmetropolitanregion.html,3d687358d9d112ed0f20597bdc4d7c40295c501340ebc909ce43a281270cdfb9
vic_lc_2010,eastern-metropolitan-region,Eastern Metropolitan Region,"LAOS, Linda",Greens,436,389611,64936,https://itsitecoreblobvecprd01.blob.core.windows.net/public-files/historical-results/state2010/state2010resulteasternmetropolitanregion.html,3d687358d9d112ed0f20597bdc4d7c40295c501340ebc909ce43a281270cdfb9
vic_lc_2010,eastern-metropolitan-region,Eastern Metropolitan Region,"HOWELL, David",Greens,300,389611,64936,https://itsitecoreblobvecprd01.blob.core.windows.net/public-files/historical-results/state2010/state2010resulteasternmetropolitanregion.html,3d687358d9d112ed0f20597bdc4d7c40295c501340ebc909ce43a281270cdfb9
vic_lc_2010,eastern-metropolitan-region,Eastern Metropolitan Region,"POTTER, Nell",Greens,411,389611,64936,https://itsitecoreblobvecprd01.blob.core.windows.net/public-files/historical-results/state2010/state2010resulteasternmetropolitanregion.html,3d687358d9d112ed0f20597bdc4d7c40295c501340ebc909ce43a281270cdfb9
vic_lc_2010,eastern-metropolitan-region,Eastern Metropolitan Region,"TANKEY, Howard",Greens,374,389611,64936,https://itsitecoreblobvecprd01.blob.core.windows.net/public-files/historical-results/state2010/state2010resulteasternmetropolitanregion.html,3d687358d9d112ed0f20597bdc4d7c40295c501340ebc909ce43a281270cdfb9
vic_lc_2010,eastern-metropolitan-region,Eastern Metropolitan Region,"DALLA-RIVA, Richard",Liberal,199652,389611,64936,https://itsitecoreblobvecprd01.blob.core.windows.net/public-files/historical-results/state2010/state2010resulteasternmetropolitanregion.html,3d687358d9d112ed0f20597bdc4d7c40295c501340ebc909ce43a281270cdfb9
vic_lc_2010,eastern-metropolitan-region,Eastern Metropolitan Region,"ATKINSON, Bruce",Liberal,607,389611,64936,https://itsitecoreblobvecprd01.blob.core.windows.net/public-files/historical-results/state2010/state2010resulteasternmetropolitanregion.html,3d687358d9d112ed0f20597bdc4d7c40295c501340ebc909ce43a281270cdfb9
vic_lc_2010,eastern-metropolitan-region,Eastern Metropolitan Region,"KRONBERG, Jan",Liberal,454,389611,64936,https://itsitecoreblobvecprd01.blob.core.windows.net/public-files/historical-results/state2010/state2010resulteasternmetropolitanregion.html,3d687358d9d112ed0f20597bdc4d7c40295c501340ebc909ce43a281270cdfb9
vic_lc_2010,eastern-metropolitan-region,Eastern Metropolitan Region,"TSE, Grace",Liberal,225,389611,64936,https://itsitecoreblobvecprd01.blob.core.windows.net/public-files/historical-results/state2010/state2010resulteasternmetropolitanregion.html,3d687358d9d112ed0f20597bdc4d7c40295c501340ebc909ce43a281270cdfb9
vic_lc_2010,eastern-metropolitan-region,Eastern Metropolitan Region,"RAWSON, Miriam",Liberal,399,389611,64936,https://itsitecoreblobvecprd01.blob.core.windows.net/public-files/historical-results/state2010/state2010resulteasternmetropolitanregion.html,3d687358d9d112ed0f20597bdc4d7c40295c501340ebc909ce43a281270cdfb9
vic_lc_2010,eastern-metropolitan-region,Eastern Metropolitan Region,"HARTMANN, Elizabeth",,1465,389611,64936,https://itsitecoreblobvecprd01.blob.core.windows.net/public-files/historical-results/state2010/state2010resulteasternmetropolitanregion.html,3d687358d9d112ed0f20597bdc4d7c40295c501340ebc909ce43a281270cdfb9
vic_lc_2010,eastern-metropolitan-region,Eastern Metropolitan Region,"LEGGO, Leane",,116,389611,64936,https://itsitecoreblobvecprd01.blob.core.windows.net/public-files/historical-results/state2010/state2010resulteasternmetropolitanregion.html,3d687358d9d112ed0f20597bdc4d7c40295c501340ebc909ce43a281270cdfb9
vic_lc_2010,eastern-victoria-region,Eastern Victoria Region,"STOKES, Linden",FAMILY FIRST,13504,416457,69410,https://itsitecoreblobvecprd01.blob.core.windows.net/public-files/historical-results/state2010/state2010resulteasternvictoriaregion.html,bdbf018fae8c2d2ff67be71f22eeb08c8a0895106a22d3cfc26c27eb28dca2af
vic_lc_2010,eastern-victoria-region,Eastern Victoria Region,"AESCHLIMANN, Terry",FAMILY FIRST,122,416457,69410,https://itsitecoreblobvecprd01.blob.core.windows.net/public-files/historical-results/state2010/state2010resulteasternvictoriaregion.html,bdbf018fae8c2d2ff67be71f22eeb08c8a0895106a22d3cfc26c27eb28dca2af
vic_lc_2010,eastern-victoria-region,Eastern Victoria Region,"IUS, Walter",DLP,8108,416457,69410,https://itsitecoreblobvecprd01.blob.core.windows.net/public-files/historical-results/state2010/state2010resulteasternvictoriaregion.html,bdbf018fae8c2d2ff67be71f22eeb08c8a0895106a22d3cfc26c27eb28dca2af
vic_lc_2010,eastern-victoria-region,Eastern Victoria Region,"WYATT, Robyn",DLP,135,416457,69410,https://itsitecoreblobvecprd01.blob.core.windows.net/public-files/historical-results/state2010/state2010resulteasternvictoriaregion.html,bdbf018fae8c2d2ff67be71f22eeb08c8a0895106a22d3cfc26c27eb28dca2af
vic_lc_2010,eastern-victoria-region,Eastern Victoria Region,"DAVIS, Philip",Liberal,217164,416457,69410,https://itsitecoreblobvecprd01.blob.core.windows.net/public-files/historical-results/state2010/state2010resulteasternvictoriaregion.html,bdbf018fae8c2d2ff67be71f22eeb08c8a0895106a22d3cfc26c27eb28dca2af
vic_lc_2010,eastern-victoria-region,Eastern Victoria Region,"HALL, Peter",Nationals,1298,416457,69410,https://itsitecoreblobvecprd01.blob.core.windows.net/public-files/historical-results/state2010/state2010resulteasternvictoriaregion.html,bdbf018fae8c2d2ff67be71f22eeb08c8a0895106a22d3cfc26c27eb28dca2af
vic_lc_2010,eastern-victoria-region,Eastern Victoria Region,"O'DONOHUE, Edward",Liberal,903,416457,69410,https://itsitecoreblobvecprd01.blob.core.windows.net/public-files/historical-results/state2010/state2010resulteasternvictoriaregion.html,bdbf018fae8c2d2ff67be71f22eeb08c8a0895106a22d3cfc26c27eb28dca2af
vic_lc_2010,eastern-victoria-region,Eastern Victoria Region,"HOPGOOD, Rosemary",Liberal,384,416457,69410,https://itsitecoreblobvecprd01.blob.core.windows.net/public-files/historical-results/state2010/state2010resulteasternvictoriaregion.html,bdbf018fae8c2d2ff67be71f22eeb08c8a0895106a22d3cfc26c27eb28dca2af
vic_lc_2010,eastern-victoria-region,Eastern Victoria Region,"CRAWFORD-WYND, Jo",Nationals,241,416457,69410,https://itsitecoreblobvecprd01.blob.core.windows.net/public-files/historical-results/state2010/state2010resulteasternvictoriaregion.html,bdbf018fae8c2d2ff67be71f22eeb08c8a0895106a22d3cfc26c27eb28dca2af
vic_lc_2010,eastern-victoria-region,Eastern Victoria Region,"VINEY, Matt",ALP,117436,416457,69410,https://itsitecoreblobvecprd01.blob.core.windows.net/public-files/historical-results/state2010/state2010resulteasternvictoriaregion.html,bdbf018fae8c2d2ff67be71f22eeb08c8a0895106a22d3cfc26c27eb28dca2af
vic_lc_2010,eastern-victoria-region,Eastern Victoria Region,"SCHEFFER, Johan",ALP,195,416457,69410,https://itsitecoreblobvecprd01.blob.core.windows.net/public-files/historical-results/state2010/state2010resulteasternvictoriaregion.html,bdbf018fae8c2d2ff67be71f22eeb08c8a0895106a22d3cfc26c27eb28dca2af
vic_lc_2010,eastern-victoria-region,Eastern Victoria Region,"ANDERSON, Maida",ALP,208,416457,69410,https://itsitecoreblobvecprd01.blob.core.windows.net/public-files/historical-results/state2010/state2010resulteasternvictoriaregion.html,bdbf018fae8c2d2ff67be71f22eeb08c8a0895106a22d3cfc26c27eb28dca2af
vic_lc_2010,eastern-victoria-region,Eastern Victoria Region,"MOFFAT, Hedley",ALP,61,416457,69410,https://itsitecoreblobvecprd01.blob.core.windows.net/public-files/historical-results/state2010/state2010resulteasternvictoriaregion.html,bdbf018fae8c2d2ff67be71f22eeb08c8a0895106a22d3cfc26c27eb28dca2af
vic_lc_2010,eastern-victoria-region,Eastern Victoria Region,"MAXFIELD, Ben",ALP,241,416457,69410,https://itsitecoreblobvecprd01.blob.core.windows.net/public-files/historical-results/state2010/state2010resulteasternvictoriaregion.html,bdbf018fae8c2d2ff67be71f22eeb08c8a0895106a22d3cfc26c27eb28dca2af
vic_lc_2010,eastern-victoria-region,Eastern Victoria Region,"JONES, Andrew",CA,12895,416457,69410,https://itsitecoreblobvecprd01.blob.core.windows.net/public-files/historical-results/state2010/state2010resulteasternvictoriaregion.html,bdbf018fae8c2d2ff67be71f22eeb08c8a0895106a22d3cfc26c27eb28dca2af
vic_lc_2010,eastern-victoria-region,Eastern Victoria Region,"MURPHY, Euan",CA,137,416457,69410,https://itsitecoreblobvecprd01.blob.core.windows.net/public-files/historical-results/state2010/state2010resulteasternvictoriaregion.html,bdbf018fae8c2d2ff67be71f22eeb08c8a0895106a22d3cfc26c27eb28dca2af
vic_lc_2010,eastern-victoria-region,Eastern Victoria Region,"DUNN, Samantha",Greens,42065,416457,69410,https://itsitecoreblobvecprd01.blob.core.windows.net/public-files/historical-results/state2010/state2010resulteasternvictoriaregion.html,bdbf018fae8c2d2ff67be71f22eeb08c8a0895106a22d3cfc26c27eb28dca2af
vic_lc_2010,eastern-victoria-region,Eastern Victoria Region,"WRAGG, Cheryl",Greens,400,416457,69410,https://itsitecoreblobvecprd01.blob.core.windows.net/public-files/historical-results/state2010/state2010resulteasternvictoriaregion.html,bdbf018fae8c2d2ff67be71f22eeb08c8a0895106a22d3cfc26c27eb28dca2af
vic_lc_2010,eastern-victoria-region,Eastern Victoria Region,"SWALES, Penelope",Greens,374,416457,69410,https://itsitecoreblobvecprd01.blob.core.windows.net/public-files/historical-results/state2010/state2010resulteasternvictoriaregion.html,bdbf018fae8c2d2ff67be71f22eeb08c8a0895106a22d3cfc26c27eb28dca2af
vic_lc_2010,eastern-victoria-region,Eastern Victoria Region,"BUCKLEY, Francine",Greens,306,416457,69410,https://itsitecoreblobvecprd01.blob.core.windows.net/public-files/historical-results/state2010/state2010resulteasternvictoriaregion.html,bdbf018fae8c2d2ff67be71f22eeb08c8a0895106a22d3cfc26c27eb28dca2af
vic_lc_2010,eastern-victoria-region,Eastern Victoria Region,"MILLSOM, Andrea",Greens,280,416457,69410,https://itsitecoreblobvecprd01.blob.core.windows.net/public-files/historical-results/state2010/state2010resulteasternvictoriaregion.html,bdbf018fae8c2d2ff67be71f22eeb08c8a0895106a22d3cfc26c27eb28dca2af
vic_lc_2010,northern-metropolitan-region,Northern Metropolitan Region,"STUART, Joanne",,2251,394035,65673,https://itsitecoreblobvecprd01.blob.core.windows.net/public-files/historical-results/state2010/state2010resultnorthernmetropolitanregion.html,43c4d4bec655a62545c23738eef010006738dbc711193fe2dfa16aba4823ef2f
vic_lc_2010,northern-metropolitan-region,Northern Metropolitan Region,"LEE, April",,80,394035,65673,https://itsitecoreblobvecprd01.blob.core.windows.net/public-files/historical-results/state2010/state2010resultnorthernmetropolitanregion.html,43c4d4bec655a62545c23738eef010006738dbc711193fe2dfa16aba4823ef2f
vic_lc_2010,northern-metropolitan-region,Northern Metropolitan Region,"JANSON, Vickie",CDP,3454,394035,65673,https://itsitecoreblobvecprd01.blob.core.windows.net/public-files/historical-results/state2010/state2010resultnorthernmetropolitanregion.html,43c4d4bec655a62545c23738eef010006738dbc711193fe2dfa16aba4823ef2f
vic_lc_2010,northern-metropolitan-region,Northern Metropolitan Region,"ARTHUR, Saleem",CDP,79,394035,65673,https://itsitecoreblobvecprd01.blob.core.windows.net/public-files/historical-results/state2010/state2010resultnorthernmetropolitanregion.html,43c4d4bec655a62545c23738eef010006738dbc711193fe2dfa16aba4823ef2f
vic_lc_2010,northern-metropolitan-region,Northern Metropolitan Region,"MAYNE, Stephen",,3809,394035,65673,https://itsitecoreblobvecprd01.blob.core.windows.net/public-files/historical-results/state2010/state2010resultnorthernmetropolitanregion.html,43c4d4bec655a62545c23738eef010006738dbc711193fe2dfa16aba4823ef2f
vic_lc_2010,northern-metropolitan-region,Northern Metropolitan Region,"PICCININI, Paula",,53,394035,65673,https://itsitecoreblobvecprd01.blob.core.windows.net/public-files/historical-results/state2010/state2010resultnorthernmetropolitanregion.html,43c4d4bec655a62545c23738eef010006738dbc711193fe2dfa16aba4823ef2f
vic_lc_2010,northern-metropolitan-region,Northern Metropolitan Region,"CONLON, Andrew",FAMILY FIRST,8978,394035,65673,https://itsitecoreblobvecprd01.blob.core.windows.net/public-files/historical-results/state2010/state2010resultnorthernmetropolitanregion.html,43c4d4bec655a62545c23738eef010006738dbc711193fe2dfa16aba4823ef2f
vic_lc_2010,northern-metropolitan-region,Northern Metropolitan Region,"KERIN, Peter",FAMILY FIRST,104,394035,65673,https://itsitecoreblobvecprd01.blob.core.windows.net/public-files/historical-results/state2010/state2010resultnorthernmetropolitanregion.html,43c4d4bec655a62545c23738eef010006738dbc711193fe2dfa16aba4823ef2f
vic_lc_2010,northern-metropolitan-region,Northern Metropolitan Region,"DAWSON, Rod",FAMILY FIRST,50,394035,65673,https://itsitecoreblobvecprd01.blob.core.windows.net/public-files/historical-results/state2010/state2010resultnorthernmetropolitanregion.html,43c4d4bec655a62545c23738eef010006738dbc711193fe2dfa16aba4823ef2f
vic_lc_2010,northern-metropolitan-region,Northern Metropolitan Region,"ARCHIBALD, Kevin",CA,2045,394035,65673,https://itsitecoreblobvecprd01.blob.core.windows.net/public-files/historical-results/state2010/state2010resultnorthernmetropolitanregion.html,43c4d4bec655a62545c23738eef010006738dbc711193fe2dfa16aba4823ef2f
vic_lc_2010,northern-metropolitan-region,Northern Metropolitan Region,"MORRIS, Chris",CA,27,394035,65673,https://itsitecoreblobvecprd01.blob.core.windows.net/public-files/historical-results/state2010/state2010resultnorthernmetropolitanregion.html,43c4d4bec655a62545c23738eef010006738dbc711193fe2dfa16aba4823ef2f
vic_lc_2010,northern-metropolitan-region,Northern Metropolitan Region,"BARBER, Greg",Greens,72922,394035,65673,https://itsitecoreblobvecprd01.blob.core.windows.net/public-files/historical-results/state2010/state2010resultnorthernmetropolitanregion.html,43c4d4bec655a62545c23738eef010006738dbc711193fe2dfa16aba4823ef2f
vic_lc_2010,northern-metropolitan-region,Northern Metropolitan Region,"BHATHAL, Alexandra Kaur",Greens,1178,394035,65673,https://itsitecoreblobvecprd01.blob.core.windows.net/public-files/historical-results/state2010/state2010resultnorthernmetropolitanregion.html,43c4d4bec655a62545c23738eef010006738dbc711193fe2dfa16aba4823ef2f
vic_lc_2010,northern-metropolitan-region,Northern Metropolitan Region,"BRINDLEY, Fraser",Greens,367,394035,65673,https://itsitecoreblobvecprd01.blob.core.windows.net/public-files/historical-results/state2010/state2010resultnorthernmetropolitanregion.html,43c4d4bec655a62545c23738eef010006738dbc711193fe2dfa16aba4823ef2f
vic_lc_2010,northern-metropolitan-region,Northern Metropolitan Region,"RATNAM, Samantha Shantini",Greens,669,394035,65673,https://itsitecoreblobvecprd01.blob.core.windows.net/public-files/historical-results/state2010/state2010resultnorthernmetropolitanregion.html,43c4d4bec655a62545c23738eef010006738dbc711193fe2dfa16aba4823ef2f
vic_lc_2010,northern-metropolitan-region,Northern Metropolitan Region,"AIR, Alister",Greens,512,394035,65673,https://itsitecoreblobvecprd01.blob.core.windows.net/public-files/historical-results/state2010/state2010resultnorthernmetropolitanregion.html,43c4d4bec655a62545c23738eef010006738dbc711193fe2dfa16aba4823ef2f
vic_lc_2010,northern-metropolitan-region,Northern Metropolitan Region,"PATTEN, Fiona",SEX PARTY,14163,394035,65673,https://itsitecoreblobvecprd01.blob.core.windows.net/public-files/historical-results/state2010/state2010resultnorthernmetropolitanregion.html,43c4d4bec655a62545c23738eef010006738dbc711193fe2dfa16aba4823ef2f
vic_lc_2010,northern-metropolitan-region,Northern Metropolitan Region,"LEITCH, Douglas",SEX PARTY,127,394035,65673,https://itsitecoreblobvecprd01.blob.core.windows.net/public-files/historical-results/state2010/state2010resultnorthernmetropolitanregion.html,43c4d4bec655a62545c23738eef010006738dbc711193fe2dfa16aba4823ef2f
vic_lc_2010,northern-metropolitan-region,Northern Metropolitan Region,"KAVANAGH, John",DLP,10331,394035,65673,https://itsitecoreblobvecprd01.blob.core.windows.net/public-files/historical-results/state2010/state2010resultnorthernmetropolitanregion.html,43c4d4bec655a62545c23738eef010006738dbc711193fe2dfa16aba4823ef2f
vic_lc_2010,northern-metropolitan-region,Northern Metropolitan Region,"THATCHER, Monica",DLP,83,394035,65673,https://itsitecoreblobvecprd01.blob.core.windows.net/public-files/historical-results/state2010/state2010resultnorthernmetropolitanregion.html,43c4d4bec655a62545c23738eef010006738dbc711193fe2dfa16aba4823ef2f
vic_lc_2010,northern-metropolitan-region,Northern Metropolitan Region,"CASHIN, Bridget",DLP,65,394035,65673,https://itsitecoreblobvecprd01.blob.core.windows.net/public-files/historical-results/state2010/state2010resultnorthernmetropolitanregion.html,43c4d4bec655a62545c23738eef010006738dbc711193fe2dfa16aba4823ef2f
vic_lc_2010,northern-metropolitan-region,Northern Metropolitan Region,"ANDERSON, Angela",DLP,123,394035,65673,https://itsitecoreblobvecprd01.blob.core.windows.net/public-files/historical-results/state2010/state2010resultnorthernmetropolitanregion.html,43c4d4bec655a62545c23738eef010006738dbc711193fe2dfa16aba4823ef2f
vic_lc_2010,northern-metropolitan-region,Northern Metropolitan Region,"TRAVERS, Michael",DLP,53,394035,65673,https://itsitecoreblobvecprd01.blob.core.windows.net/public-files/historical-results/state2010/state2010resultnorthernmetropolitanregion.html,43c4d4bec655a62545c23738eef010006738dbc711193fe2dfa16aba4823ef2f
vic_lc_2010,northern-metropolitan-region,Northern Metropolitan Region,"MIKAKOS, Jenny",ALP,163902,394035,65673,https://itsitecoreblobvecprd01.blob.core.windows.net/public-files/historical-results/state2010/state2010resultnorthernmetropolitanregion.html,43c4d4bec655a62545c23738eef010006738dbc711193fe2dfa16aba4823ef2f
vic_lc_2010,northern-metropolitan-region,Northern Metropolitan Region,"ELASMAR, Nazih",ALP,470,394035,65673,https://itsitecoreblobvecprd01.blob.core.windows.net/public-files/historical-results/state2010/state2010resultnorthernmetropolitanregion.html,43c4d4bec655a62545c23738eef010006738dbc711193fe2dfa16aba4823ef2f
vic_lc_2010,northern-metropolitan-region,Northern Metropolitan Region,"MURPHY, Nathan",ALP,228,394035,65673,https://itsitecoreblobvecprd01.blob.core.windows.net/public-files/historical-results/state2010/state2010resultnorthernmetropolitanregion.html,43c4d4bec655a62545c23738eef010006738dbc711193fe2dfa16aba4823ef2f
vic_lc_2010,northern-metropolitan-region,Northern Metropolitan Region,"PLATT, Rhiannon",ALP,209,394035,65673,https://itsitecoreblobvecprd01.blob.core.windows.net/public-files/historical-results/state2010/state2010resultnorthernmetropolitanregion.html,43c4d4bec655a62545c23738eef010006738dbc711193fe2dfa16aba4823ef2f
vic_lc_2010,northern-metropolitan-region,Northern Metropolitan Region,"SMYTHE, Peter",ALP,450,394035,65673,https://itsitecoreblobvecprd01.blob.core.windows.net/public-files/historical-results/state2010/state2010resultnorthernmetropolitanregion.html,43c4d4bec655a62545c23738eef010006738dbc711193fe2dfa16aba4823ef2f
vic_lc_2010,northern-metropolitan-region,Northern Metropolitan Region,"GUY, Matthew",Liberal,106023,394035,65673,https://itsitecoreblobvecprd01.blob.core.windows.net/public-files/historical-results/state2010/state2010resultnorthernmetropolitanregion.html,43c4d4bec655a62545c23738eef010006738dbc711193fe2dfa16aba4823ef2f
vic_lc_2010,northern-metropolitan-region,Northern Metropolitan Region,"ONDARCHIE, Craig",Liberal,245,394035,65673,https://itsitecoreblobvecprd01.blob.core.windows.net/public-files/historical-results/state2010/state2010resultnorthernmetropolitanregion.html,43c4d4bec655a62545c23738eef010006738dbc711193fe2dfa16aba4823ef2f
vic_lc_2010,northern-metropolitan-region,Northern Metropolitan Region,"GRANLEESE, Sam",Liberal,221,394035,65673,https://itsitecoreblobvecprd01.blob.core.windows.net/public-files/historical-results/state2010/state2010resultnorthernmetropolitanregion.html,43c4d4bec655a62545c23738eef010006738dbc711193fe2dfa16aba4823ef2f
vic_lc_2010,northern-metropolitan-region,Northern Metropolitan Region,"PARSONS, Daniel",Liberal,184,394035,65673,https://itsitecoreblobvecprd01.blob.core.windows.net/public-files/historical-results/state2010/state2010resultnorthernmetropolitanregion.html,43c4d4bec655a62545c23738eef010006738dbc711193fe2dfa16aba4823ef2f
vic_lc_2010,northern-metropolitan-region,Northern Metropolitan Region,"TOWNSON, Jemma",Liberal,232,394035,65673,https://itsitecoreblobvecprd01.blob.core.windows.net/public-files/historical-results/state2010/state2010resultnorthernmetropolitanregion.html,43c4d4bec655a62545c23738eef010006738dbc711193fe2dfa16aba4823ef2f
vic_lc_2010,northern-metropolitan-region,Northern Metropolitan Region,"WHITEHEAD, Adrian",,348,394035,65673,https://itsitecoreblobvecprd01.blob.core.windows.net/public-files/historical-results/state2010/state2010resultnorthernmetropolitanregion.html,43c4d4bec655a62545c23738eef010006738dbc711193fe2dfa16aba4823ef2f
vic_lc_2010,northern-victoria-region,Northern Victoria Region,"THRELFALL, Steven",CA,26496,389673,64946,https://itsitecoreblobvecprd01.blob.core.windows.net/public-files/historical-results/state2010/state2010resultnorthernvictoriaregion.html,12c54112af42ddffc3135996cb1946438a2d62eba9db69ba9f77e4c8c7af67bc
vic_lc_2010,northern-victoria-region,Northern Victoria Region,"GAYLARD, Frank",CA,150,389673,64946,https://itsitecoreblobvecprd01.blob.core.windows.net/public-files/historical-results/state2010/state2010resultnorthernvictoriaregion.html,12c54112af42ddffc3135996cb1946438a2d62eba9db69ba9f77e4c8c7af67bc
vic_lc_2010,northern-victoria-region,Northern Victoria Region,"McDONALD, Ewan",CDP,2463,389673,64946,https://itsitecoreblobvecprd01.blob.core.windows.net/public-files/historical-results/state2010/state2010resultnorthernvictoriaregion.html,12c54112af42ddffc3135996cb1946438a2d62eba9db69ba9f77e4c8c7af67bc
vic_lc_2010,northern-victoria-region,Northern Victoria Region,"FLANAGAN, Steve",CDP,90,389673,64946,https://itsitecoreblobvecprd01.blob.core.windows.net/public-files/historical-results/state2010/state2010resultnorthernvictoriaregion.html,12c54112af42ddffc3135996cb1946438a2d62eba9db69ba9f77e4c8c7af67bc
vic_lc_2010,northern-victoria-region,Northern Victoria Region,"WINTLE, Laurie",FAMILY FIRST,11277,389673,64946,https://itsitecoreblobvecprd01.blob.core.windows.net/public-files/historical-results/state2010/state2010resultnorthernvictoriaregion.html,12c54112af42ddffc3135996cb1946438a2d62eba9db69ba9f77e4c8c7af67bc
vic_lc_2010,northern-victoria-region,Northern Victoria Region,"HUNTER, Neville",FAMILY FIRST,167,389673,64946,https://itsitecoreblobvecprd01.blob.core.windows.net/public-files/historical-results/state2010/state2010resultnorthernvictoriaregion.html,12c54112af42ddffc3135996cb1946438a2d62eba9db69ba9f77e4c8c7af67bc
vic_lc_2010,northern-victoria-region,Northern Victoria Region,"JONES, David",Greens,30142,389673,64946,https://itsitecoreblobvecprd01.blob.core.windows.net/public-files/historical-results/state2010/state2010resultnorthernvictoriaregion.html,12c54112af42ddffc3135996cb1946438a2d62eba9db69ba9f77e4c8c7af67bc
vic_lc_2010,northern-victoria-region,Northern Victoria Region,"ROBINSON, Helen",Greens,368,389673,64946,https://itsitecoreblobvecprd01.blob.core.windows.net/public-files/historical-results/state2010/state2010resultnorthernvictoriaregion.html,12c54112af42ddffc3135996cb1946438a2d62eba9db69ba9f77e4c8c7af67bc
vic_lc_2010,northern-victoria-region,Northern Victoria Region,"PAAS, Hans",Greens,187,389673,64946,https://itsitecoreblobvecprd01.blob.core.windows.net/public-files/historical-results/state2010/state2010resultnorthernvictoriaregion.html,12c54112af42ddffc3135996cb1946438a2d62eba9db69ba9f77e4c8c7af67bc
vic_lc_2010,northern-victoria-region,Northern Victoria Region,"TOLL, Kate",Greens,304,389673,64946,https://itsitecoreblobvecprd01.blob.core.windows.net/public-files/historical-results/state2010/state2010resultnorthernvictoriaregion.html,12c54112af42ddffc3135996cb1946438a2d62eba9db69ba9f77e4c8c7af67bc
vic_lc_2010,northern-victoria-region,Northern Victoria Region,"ROBERTSON, Ben",Greens,198,389673,64946,https://itsitecoreblobvecprd01.blob.core.windows.net/public-files/historical-results/state2010/state2010resultnorthernvictoriaregion.html,12c54112af42ddffc3135996cb1946438a2d62eba9db69ba9f77e4c8c7af67bc
vic_lc_2010,northern-victoria-region,Northern Victoria Region,"LOVELL, Wendy",Liberal,188787,389673,64946,https://itsitecoreblobvecprd01.blob.core.windows.net/public-files/historical-results/state2010/state2010resultnorthernvictoriaregion.html,12c54112af42ddffc3135996cb1946438a2d62eba9db69ba9f77e4c8c7af67bc
vic_lc_2010,northern-victoria-region,Northern Victoria Region,"DRUM, Damian",Nationals,1175,389673,64946,https://itsitecoreblobvecprd01.blob.core.windows.net/public-files/historical-results/state2010/state2010resultnorthernvictoriaregion.html,12c54112af42ddffc3135996cb1946438a2d62eba9db69ba9f77e4c8c7af67bc
vic_lc_2010,northern-victoria-region,Northern Victoria Region,"PETROVICH, Donna",Liberal,371,389673,64946,https://itsitecoreblobvecprd01.blob.core.windows.net/public-files/historical-results/state2010/state2010resultnorthernvictoriaregion.html,12c54112af42ddffc3135996cb1946438a2d62eba9db69ba9f77e4c8c7af67bc
vic_lc_2010,northern-victoria-region,Northern Victoria Region,"MATHER, Reid",Nationals,235,389673,64946,https://itsitecoreblobvecprd01.blob.core.windows.net/public-files/historical-results/state2010/state2010resultnorthernvictoriaregion.html,12c54112af42ddffc3135996cb1946438a2d62eba9db69ba9f77e4c8c7af67bc
vic_lc_2010,northern-victoria-region,Northern Victoria Region,"IRELAND, Martin",Liberal,326,389673,64946,https://itsitecoreblobvecprd01.blob.core.windows.net/public-files/historical-results/state2010/state2010resultnorthernvictoriaregion.html,12c54112af42ddffc3135996cb1946438a2d62eba9db69ba9f77e4c8c7af67bc
vic_lc_2010,northern-victoria-region,Northern Victoria Region,"BROAD, Candy",ALP,104839,389673,64946,https://itsitecoreblobvecprd01.blob.core.windows.net/public-files/historical-results/state2010/state2010resultnorthernvictoriaregion.html,12c54112af42ddffc3135996cb1946438a2d62eba9db69ba9f77e4c8c7af67bc
vic_lc_2010,northern-victoria-region,Northern Victoria Region,"DARVENIZA, Kaye",ALP,361,389673,64946,https://itsitecoreblobvecprd01.blob.core.windows.net/public-files/historical-results/state2010/state2010resultnorthernvictoriaregion.html,12c54112af42ddffc3135996cb1946438a2d62eba9db69ba9f77e4c8c7af67bc
vic_lc_2010,northern-victoria-region,Northern Victoria Region,"BYRON, Jamie",ALP,207,389673,64946,https://itsitecoreblobvecprd01.blob.core.windows.net/public-files/historical-results/state2010/state2010resultnorthernvictoriaregion.html,12c54112af42ddffc3135996cb1946438a2d62eba9db69ba9f77e4c8c7af67bc
vic_lc_2010,northern-victoria-region,Northern Victoria Region,"ROSAIA, Shaun",ALP,212,389673,64946,https://itsitecoreblobvecprd01.blob.core.windows.net/public-files/historical-results/state2010/state2010resultnorthernvictoriaregion.html,12c54112af42ddffc3135996cb1946438a2d62eba9db69ba9f77e4c8c7af67bc
vic_lc_2010,northern-victoria-region,Northern Victoria Region,"SHERIDAN, Anthony",ALP,146,389673,64946,https://itsitecoreblobvecprd01.blob.core.windows.net/public-files/historical-results/state2010/state2010resultnorthernvictoriaregion.html,12c54112af42ddffc3135996cb1946438a2d62eba9db69ba9f77e4c8c7af67bc
vic_lc_2010,northern-victoria-region,Northern Victoria Region,"CHELLEW, Tristram",SEX PARTY,14741,389673,64946,https://itsitecoreblobvecprd01.blob.core.windows.net/public-files/historical-results/state2010/state2010resultnorthernvictoriaregion.html,12c54112af42ddffc3135996cb1946438a2d62eba9db69ba9f77e4c8c7af67bc
vic_lc_2010,northern-victoria-region,Northern Victoria Region,"ARFARAS, Justine",SEX PARTY,139,389673,64946,https://itsitecoreblobvecprd01.blob.core.windows.net/public-files/historical-results/state2010/state2010resultnorthernvictoriaregion.html,12c54112af42ddffc3135996cb1946438a2d62eba9db69ba9f77e4c8c7af67bc
vic_lc_2010,northern-victoria-region,Northern Victoria Region,"ROYAL, Mark",DLP,6204,389673,64946,https://itsitecoreblobvecprd01.blob.core.windows.net/public-files/historical-results/state2010/state2010resultnorthernvictoriaregion.html,12c54112af42ddffc3135996cb1946438a2d62eba9db69ba9f77e4c8c7af67bc
vic_lc_2010,northern-victoria-region,Northern Victoria Region,"CARTY, John",DLP,88,389673,64946,https://itsitecoreblobvecprd01.blob.core.windows.net/public-files/historical-results/state2010/state2010resultnorthernvictoriaregion.html,12c54112af42ddffc3135996cb1946438a2d62eba9db69ba9f77e4c8c7af67bc
vic_lc_2010,south-eastern-metropolitan-region,South Eastern Metropolitan Region,"RICH-PHILLIPS, Gordon",Liberal,160990,396939,66157,https://itsitecoreblobvecprd01.blob.core.windows.net/public-files/historical-results/state2010/state2010resultsoutheasternmetropolitanregion.html,980993d9caf92b070dd86c6f68aaa4c9d51531626eed072e8f6a39e3812e4997
vic_lc_2010,south-eastern-metropolitan-region,South Eastern Metropolitan Region,"PEULICH, Inga",Liberal,572,396939,66157,https://itsitecoreblobvecprd01.blob.core.windows.net/public-files/historical-results/state2010/state2010resultsoutheasternmetropolitanregion.html,980993d9caf92b070dd86c6f68aaa4c9d51531626eed072e8f6a39e3812e4997
vic_lc_2010,south-eastern-metropolitan-region,South Eastern Metropolitan Region,"LIU, Gladys",Liberal,278,396939,66157,https://itsitecoreblobvecprd01.blob.core.windows.net/public-files/historical-results/state2010/state2010resultsoutheasternmetropolitanregion.html,980993d9caf92b070dd86c6f68aaa4c9d51531626eed072e8f6a39e3812e4997
vic_lc_2010,south-eastern-metropolitan-region,South Eastern Metropolitan Region,"ASHOKKUMAR, Ashton",Liberal,334,396939,66157,https://itsitecoreblobvecprd01.blob.core.windows.net/public-files/historical-results/state2010/state2010resultsoutheasternmetropolitanregion.html,980993d9caf92b070dd86c6f68aaa4c9d51531626eed072e8f6a39e3812e4997
vic_lc_2010,south-eastern-metropolitan-region,South Eastern Metropolitan Region,"CINCOTTA, Tim",Liberal,343,396939,66157,https://itsitecoreblobvecprd01.blob.core.windows.net/public-files/historical-results/state2010/state2010resultsoutheasternmetropolitanregion.html,980993d9caf92b070dd86c6f68aaa4c9d51531626eed072e8f6a39e3812e4997
vic_lc_2010,south-eastern-metropolitan-region,South Eastern Metropolitan Region,"JENNINGS, Gavin",ALP,170666,396939,66157,https://itsitecoreblobvecprd01.blob.core.windows.net/public-files/historical-results/state2010/state2010resultsoutheasternmetropolitanregion.html,980993d9caf92b070dd86c6f68aaa4c9d51531626eed072e8f6a39e3812e4997
vic_lc_2010,south-eastern-metropolitan-region,South Eastern Metropolitan Region,"SOMYUREK, Adem",ALP,500,396939,66157,https://itsitecoreblobvecprd01.blob.core.windows.net/public-files/historical-results/state2010/state2010resultsoutheasternmetropolitanregion.html,980993d9caf92b070dd86c6f68aaa4c9d51531626eed072e8f6a39e3812e4997
vic_lc_2010,south-eastern-metropolitan-region,South Eastern Metropolitan Region,"TARLAMIS, Lee",ALP,453,396939,66157,https://itsitecoreblobvecprd01.blob.core.windows.net/public-files/historical-results/state2010/state2010resultsoutheasternmetropolitanregion.html,980993d9caf92b070dd86c6f68aaa4c9d51531626eed072e8f6a39e3812e4997
vic_lc_2010,south-eastern-metropolitan-region,South Eastern Metropolitan Region,"LIU, Kelly",ALP,205,396939,66157,https://itsitecoreblobvecprd01.blob.core.windows.net/public-files/historical-results/state2010/state2010resultsoutheasternmetropolitanregion.html,980993d9caf92b070dd86c6f68aaa4c9d51531626eed072e8f6a39e3812e4997
vic_lc_2010,south-eastern-metropolitan-region,South Eastern Metropolitan Region,"KAYLOCK, Janet",ALP,482,396939,66157,https://itsitecoreblobvecprd01.blob.core.windows.net/public-files/historical-results/state2010/state2010resultsoutheasternmetropolitanregion.html,980993d9caf92b070dd86c6f68aaa4c9d51531626eed072e8f6a39e3812e4997
vic_lc_2010,south-eastern-metropolitan-region,South Eastern Metropolitan Region,"GONSALVEZ, Geraldine",DLP,9865,396939,66157,https://itsitecoreblobvecprd01.blob.core.windows.net/public-files/historical-results/state2010/state2010resultsoutheasternmetropolitanregion.html,980993d9caf92b070dd86c6f68aaa4c9d51531626eed072e8f6a39e3812e4997
vic_lc_2010,south-eastern-metropolitan-region,South Eastern Metropolitan Region,"DODD, Catherine",DLP,153,396939,66157,https://itsitecoreblobvecprd01.blob.core.windows.net/public-files/historical-results/state2010/state2010resultsoutheasternmetropolitanregion.html,980993d9caf92b070dd86c6f68aaa4c9d51531626eed072e8f6a39e3812e4997
vic_lc_2010,south-eastern-metropolitan-region,South Eastern Metropolitan Region,"CHLIPALA, Agnieszka",DLP,108,396939,66157,https://itsitecoreblobvecprd01.blob.core.windows.net/public-files/historical-results/state2010/state2010resultsoutheasternmetropolitanregion.html,980993d9caf92b070dd86c6f68aaa4c9d51531626eed072e8f6a39e3812e4997
vic_lc_2010,south-eastern-metropolitan-region,South Eastern Metropolitan Region,"CATTELL, Genevieve",DLP,76,396939,66157,https://itsitecoreblobvecprd01.blob.core.windows.net/public-files/historical-results/state2010/state2010resultsoutheasternmetropolitanregion.html,980993d9caf92b070dd86c6f68aaa4c9d51531626eed072e8f6a39e3812e4997
vic_lc_2010,south-eastern-metropolitan-region,South Eastern Metropolitan Region,"O'LOGHLEN, Helen",DLP,90,396939,66157,https://itsitecoreblobvecprd01.blob.core.windows.net/public-files/historical-results/state2010/state2010resultsoutheasternmetropolitanregion.html,980993d9caf92b070dd86c6f68aaa4c9d51531626eed072e8f6a39e3812e4997
vic_lc_2010,south-eastern-metropolitan-region,South Eastern Metropolitan Region,"HILL, Vivian Gordon James",CDP,4440,396939,66157,https://itsitecoreblobvecprd01.blob.core.windows.net/public-files/historical-results/state2010/state2010resultsoutheasternmetropolitanregion.html,980993d9caf92b070dd86c6f68aaa4c9d51531626eed072e8f6a39e3812e4997
vic_lc_2010,south-eastern-metropolitan-region,South Eastern Metropolitan Region,"VOIGT, Wolf",CDP,70,396939,66157,https://itsitecoreblobvecprd01.blob.core.windows.net/public-files/historical-results/state2010/state2010resultsoutheasternmetropolitanregion.html,980993d9caf92b070dd86c6f68aaa4c9d51531626eed072e8f6a39e3812e4997
vic_lc_2010,south-eastern-metropolitan-region,South Eastern Metropolitan Region,"HEMMERSBACH, Felicity",FAMILY FIRST,12464,396939,66157,https://itsitecoreblobvecprd01.blob.core.windows.net/public-files/historical-results/state2010/state2010resultsoutheasternmetropolitanregion.html,980993d9caf92b070dd86c6f68aaa4c9d51531626eed072e8f6a39e3812e4997
vic_lc_2010,south-eastern-metropolitan-region,South Eastern Metropolitan Region,"PLEITER, Jadah",FAMILY FIRST,96,396939,66157,https://itsitecoreblobvecprd01.blob.core.windows.net/public-files/historical-results/state2010/state2010resultsoutheasternmetropolitanregion.html,980993d9caf92b070dd86c6f68aaa4c9d51531626eed072e8f6a39e3812e4997
vic_lc_2010,south-eastern-metropolitan-region,South Eastern Metropolitan Region,"LONG, Colin",Greens,33770,396939,66157,https://itsitecoreblobvecprd01.blob.core.windows.net/public-files/historical-results/state2010/state2010resultsoutheasternmetropolitanregion.html,980993d9caf92b070dd86c6f68aaa4c9d51531626eed072e8f6a39e3812e4997
vic_lc_2010,south-eastern-metropolitan-region,South Eastern Metropolitan Region,"KELLY, Dee-Ann",Greens,371,396939,66157,https://itsitecoreblobvecprd01.blob.core.windows.net/public-files/historical-results/state2010/state2010resultsoutheasternmetropolitanregion.html,980993d9caf92b070dd86c6f68aaa4c9d51531626eed072e8f6a39e3812e4997
vic_lc_2010,south-eastern-metropolitan-region,South Eastern Metropolitan Region,"CARMAN, Chris",Greens,151,396939,66157,https://itsitecoreblobvecprd01.blob.core.windows.net/public-files/historical-results/state2010/state2010resultsoutheasternmetropolitanregion.html,980993d9caf92b070dd86c6f68aaa4c9d51531626eed072e8f6a39e3812e4997
vic_lc_2010,south-eastern-metropolitan-region,South Eastern Metropolitan Region,"McIVER, Linda K.",Greens,294,396939,66157,https://itsitecoreblobvecprd01.blob.core.windows.net/public-files/historical-results/state2010/state2010resultsoutheasternmetropolitanregion.html,980993d9caf92b070dd86c6f68aaa4c9d51531626eed072e8f6a39e3812e4997
vic_lc_2010,south-eastern-metropolitan-region,South Eastern Metropolitan Region,"TYMMS, Daniela",Greens,168,396939,66157,https://itsitecoreblobvecprd01.blob.core.windows.net/public-files/historical-results/state2010/state2010resultsoutheasternmetropolitanregion.html,980993d9caf92b070dd86c6f68aaa4c9d51531626eed072e8f6a39e3812e4997
vic_lc_2010,southern-metropolitan-region,Southern Metropolitan Region,"HILL, Ken",SEX PARTY,12032,381369,63562,https://itsitecoreblobvecprd01.blob.core.windows.net/public-files/historical-results/state2010/state2010resultsouthernmetropolitanregion.html,61f0f12e3cefee9d628fcb9573b8296993b34ac4a6415253f20873b7a064cda2
vic_lc_2010,southern-metropolitan-region,Southern Metropolitan Region,"PAYNE, Danyel",SEX PARTY,332,381369,63562,https://itsitecoreblobvecprd01.blob.core.windows.net/public-files/historical-results/state2010/state2010resultsouthernmetropolitanregion.html,61f0f12e3cefee9d628fcb9573b8296993b34ac4a6415253f20873b7a064cda2
vic_lc_2010,southern-metropolitan-region,Southern Metropolitan Region,"MURPHY, Michael",DLP,6760,381369,63562,https://itsitecoreblobvecprd01.blob.core.windows.net/public-files/historical-results/state2010/state2010resultsouthernmetropolitanregion.html,61f0f12e3cefee9d628fcb9573b8296993b34ac4a6415253f20873b7a064cda2
vic_lc_2010,southern-metropolitan-region,Southern Metropolitan Region,"PRENDERGAST, Brendan",DLP,89,381369,63562,https://itsitecoreblobvecprd01.blob.core.windows.net/public-files/historical-results/state2010/state2010resultsouthernmetropolitanregion.html,61f0f12e3cefee9d628fcb9573b8296993b34ac4a6415253f20873b7a064cda2
vic_lc_2010,southern-metropolitan-region,Southern Metropolitan Region,"TRÜTER, Ashley",FAMILY FIRST,3554,381369,63562,https://itsitecoreblobvecprd01.blob.core.windows.net/public-files/historical-results/state2010/state2010resultsouthernmetropolitanregion.html,61f0f12e3cefee9d628fcb9573b8296993b34ac4a6415253f20873b7a064cda2
vic_lc_2010,southern-metropolitan-region,Southern Metropolitan Region,"KHOO, Joyce",FAMILY FIRST,66,381369,63562,https://itsitecoreblobvecprd01.blob.core.windows.net/public-files/historical-results/state2010/state2010resultsouthernmetropolitanregion.html,61f0f12e3cefee9d628fcb9573b8296993b34ac4a6415253f20873b7a064cda2
vic_lc_2010,southern-metropolitan-region,Southern Metropolitan Region,"ROGERSON, Mansel",CDP,1697,381369,63562,https://itsitecoreblobvecprd01.blob.core.windows.net/public-files/historical-results/state2010/state2010resultsouthernmetropolitanregion.html,61f0f12e3cefee9d628fcb9573b8296993b34ac4a6415253f20873b7a064cda2
vic_lc_2010,southern-metropolitan-region,Southern Metropolitan Region,"LEVICK, Ray",CDP,29,381369,63562,https://itsitecoreblobvecprd01.blob.core.windows.net/public-files/historical-results/state2010/state2010resultsouthernmetropolitanregion.html,61f0f12e3cefee9d628fcb9573b8296993b34ac4a6415253f20873b7a064cda2
vic_lc_2010,southern-metropolitan-region,Southern Metropolitan Region,"HUGHES, Vern",,1123,381369,63562,https://itsitecoreblobvecprd01.blob.core.windows.net/public-files/historical-results/state2010/state2010resultsouthernmetropolitanregion.html,61f0f12e3cefee9d628fcb9573b8296993b34ac4a6415253f20873b7a064cda2
vic_lc_2010,southern-metropolitan-region,Southern Metropolitan Region,"GALLAGHER, Suzette",,106,381369,63562,https://itsitecoreblobvecprd01.blob.core.windows.net/public-files/historical-results/state2010/state2010resultsouthernmetropolitanregion.html,61f0f12e3cefee9d628fcb9573b8296993b34ac4a6415253f20873b7a064cda2
vic_lc_2010,southern-metropolitan-region,Southern Metropolitan Region,"PENNICUIK, Sue",Greens,60614,381369,63562,https://itsitecoreblobvecprd01.blob.core.windows.net/public-files/historical-results/state2010/state2010resultsouthernmetropolitanregion.html,61f0f12e3cefee9d628fcb9573b8296993b34ac4a6415253f20873b7a064cda2
vic_lc_2010,southern-metropolitan-region,Southern Metropolitan Region,"PILLING, Neil",Greens,371,381369,63562,https://itsitecoreblobvecprd01.blob.core.windows.net/public-files/historical-results/state2010/state2010resultsouthernmetropolitanregion.html,61f0f12e3cefee9d628fcb9573b8296993b34ac4a6415253f20873b7a064cda2
vic_lc_2010,southern-metropolitan-region,Southern Metropolitan Region,"PILCHER, Clare",Greens,620,381369,63562,https://itsitecoreblobvecprd01.blob.core.windows.net/public-files/historical-results/state2010/state2010resultsouthernmetropolitanregion.html,61f0f12e3cefee9d628fcb9573b8296993b34ac4a6415253f20873b7a064cda2
vic_lc_2010,southern-metropolitan-region,Southern Metropolitan Region,"McPHATE, Bruce",Greens,212,381369,63562,https://itsitecoreblobvecprd01.blob.core.windows.net/public-files/historical-results/state2010/state2010resultsouthernmetropolitanregion.html,61f0f12e3cefee9d628fcb9573b8296993b34ac4a6415253f20873b7a064cda2
vic_lc_2010,southern-metropolitan-region,Southern Metropolitan Region,"BENSON, Des",Greens,468,381369,63562,https://itsitecoreblobvecprd01.blob.core.windows.net/public-files/historical-results/state2010/state2010resultsouthernmetropolitanregion.html,61f0f12e3cefee9d628fcb9573b8296993b34ac4a6415253f20873b7a064cda2
vic_lc_2010,southern-metropolitan-region,Southern Metropolitan Region,"DAVIS, David",Liberal,194763,381369,63562,https://itsitecoreblobvecprd01.blob.core.windows.net/public-files/historical-results/state2010/state2010resultsouthernmetropolitanregion.html,61f0f12e3cefee9d628fcb9573b8296993b34ac4a6415253f20873b7a064cda2
vic_lc_2010,southern-metropolitan-region,Southern Metropolitan Region,"COOTE, Andrea",Liberal,694,381369,63562,https://itsitecoreblobvecprd01.blob.core.windows.net/public-files/historical-results/state2010/state2010resultsouthernmetropolitanregion.html,61f0f12e3cefee9d628fcb9573b8296993b34ac4a6415253f20873b7a064cda2
vic_lc_2010,southern-metropolitan-region,Southern Metropolitan Region,"CROZIER, Georgie",Liberal,414,381369,63562,https://itsitecoreblobvecprd01.blob.core.windows.net/public-files/historical-results/state2010/state2010resultsouthernmetropolitanregion.html,61f0f12e3cefee9d628fcb9573b8296993b34ac4a6415253f20873b7a064cda2
vic_lc_2010,southern-metropolitan-region,Southern Metropolitan Region,"HUME, Jane",Liberal,339,381369,63562,https://itsitecoreblobvecprd01.blob.core.windows.net/public-files/historical-results/state2010/state2010resultsouthernmetropolitanregion.html,61f0f12e3cefee9d628fcb9573b8296993b34ac4a6415253f20873b7a064cda2
vic_lc_2010,southern-metropolitan-region,Southern Metropolitan Region,"HELD, Adam",Liberal,466,381369,63562,https://itsitecoreblobvecprd01.blob.core.windows.net/public-files/historical-results/state2010/state2010resultsouthernmetropolitanregion.html,61f0f12e3cefee9d628fcb9573b8296993b34ac4a6415253f20873b7a064cda2
vic_lc_2010,southern-metropolitan-region,Southern Metropolitan Region,"LENDERS, John",ALP,95228,381369,63562,https://itsitecoreblobvecprd01.blob.core.windows.net/public-files/historical-results/state2010/state2010resultsouthernmetropolitanregion.html,61f0f12e3cefee9d628fcb9573b8296993b34ac4a6415253f20873b7a064cda2
vic_lc_2010,southern-metropolitan-region,Southern Metropolitan Region,"HUPPERT, Jennifer",ALP,610,381369,63562,https://itsitecoreblobvecprd01.blob.core.windows.net/public-files/historical-results/state2010/state2010resultsouthernmetropolitanregion.html,61f0f12e3cefee9d628fcb9573b8296993b34ac4a6415253f20873b7a064cda2
vic_lc_2010,southern-metropolitan-region,Southern Metropolitan Region,"EDWARDS, Zoe",ALP,188,381369,63562,https://itsitecoreblobvecprd01.blob.core.windows.net/public-files/historical-results/state2010/state2010resultsouthernmetropolitanregion.html,61f0f12e3cefee9d628fcb9573b8296993b34ac4a6415253f20873b7a064cda2
vic_lc_2010,southern-metropolitan-region,Southern Metropolitan Region,"SALINA, Pablo",ALP,175,381369,63562,https://itsitecoreblobvecprd01.blob.core.windows.net/public-files/historical-results/state2010/state2010resultsouthernmetropolitanregion.html,61f0f12e3cefee9d628fcb9573b8296993b34ac4a6415253f20873b7a064cda2
vic_lc_2010,southern-metropolitan-region,Southern Metropolitan Region,"SUSS, Michael",ALP,203,381369,63562,https://itsitecoreblobvecprd01.blob.core.windows.net/public-files/historical-results/state2010/state2010resultsouthernmetropolitanregion.html,61f0f12e3cefee9d628fcb9573b8296993b34ac4a6415253f20873b7a064cda2
vic_lc_2010,southern-metropolitan-region,Southern Metropolitan Region,"COCKBURN, Mike",,216,381369,63562,https://itsitecoreblobvecprd01.blob.core.windows.net/public-files/historical-results/state2010/state2010resultsouthernmetropolitanregion.html,61f0f12e3cefee9d628fcb9573b8296993b34ac4a6415253f20873b7a064cda2
vic_lc_2010,western-metropolitan-region,Western Metropolitan Region,"MURRAY, Joël",SEX PARTY,19472,422708,70452,https://itsitecoreblobvecprd01.blob.core.windows.net/public-files/historical-results/state2010/state2010resultwesternmetropolitanregion.html,5dc15bdf483b3dd6573b21d5c05ddb3d6eabf7bd08489d44f987867c369e4dd2
vic_lc_2010,western-metropolitan-region,Western Metropolitan Region,"DAVIS, Merinda",SEX PARTY,536,422708,70452,https://itsitecoreblobvecprd01.blob.core.windows.net/public-files/historical-results/state2010/state2010resultwesternmetropolitanregion.html,5dc15bdf483b3dd6573b21d5c05ddb3d6eabf7bd08489d44f987867c369e4dd2
vic_lc_2010,western-metropolitan-region,Western Metropolitan Region,"PAKULA, Martin",ALP,195489,422708,70452,https://itsitecoreblobvecprd01.blob.core.windows.net/public-files/historical-results/state2010/state2010resultwesternmetropolitanregion.html,5dc15bdf483b3dd6573b21d5c05ddb3d6eabf7bd08489d44f987867c369e4dd2
vic_lc_2010,western-metropolitan-region,Western Metropolitan Region,"EIDEH, Khalil",ALP,679,422708,70452,https://itsitecoreblobvecprd01.blob.core.windows.net/public-files/historical-results/state2010/state2010resultwesternmetropolitanregion.html,5dc15bdf483b3dd6573b21d5c05ddb3d6eabf7bd08489d44f987867c369e4dd2
vic_lc_2010,western-metropolitan-region,Western Metropolitan Region,"SMITH, Bob",ALP,557,422708,70452,https://itsitecoreblobvecprd01.blob.core.windows.net/public-files/historical-results/state2010/state2010resultwesternmetropolitanregion.html,5dc15bdf483b3dd6573b21d5c05ddb3d6eabf7bd08489d44f987867c369e4dd2
vic_lc_2010,western-metropolitan-region,Western Metropolitan Region,"REES, Llewellyn",ALP,723,422708,70452,https://itsitecoreblobvecprd01.blob.core.windows.net/public-files/historical-results/state2010/state2010resultwesternmetropolitanregion.html,5dc15bdf483b3dd6573b21d5c05ddb3d6eabf7bd08489d44f987867c369e4dd2
vic_lc_2010,western-metropolitan-region,Western Metropolitan Region,"SPINNER, Claudine",ALP,652,422708,70452,https://itsitecoreblobvecprd01.blob.core.windows.net/public-files/historical-results/state2010/state2010resultwesternmetropolitanregion.html,5dc15bdf483b3dd6573b21d5c05ddb3d6eabf7bd08489d44f987867c369e4dd2
vic_lc_2010,western-metropolitan-region,Western Metropolitan Region,"MUMBY, Daniel",FAMILY FIRST,15140,422708,70452,https://itsitecoreblobvecprd01.blob.core.windows.net/public-files/historical-results/state2010/state2010resultwesternmetropolitanregion.html,5dc15bdf483b3dd6573b21d5c05ddb3d6eabf7bd08489d44f987867c369e4dd2
vic_lc_2010,western-metropolitan-region,Western Metropolitan Region,"GARAY, Lisa",FAMILY FIRST,142,422708,70452,https://itsitecoreblobvecprd01.blob.core.windows.net/public-files/historical-results/state2010/state2010resultwesternmetropolitanregion.html,5dc15bdf483b3dd6573b21d5c05ddb3d6eabf7bd08489d44f987867c369e4dd2
vic_lc_2010,western-metropolitan-region,Western Metropolitan Region,"FARRELL, Mark",DLP,12739,422708,70452,https://itsitecoreblobvecprd01.blob.core.windows.net/public-files/historical-results/state2010/state2010resultwesternmetropolitanregion.html,5dc15bdf483b3dd6573b21d5c05ddb3d6eabf7bd08489d44f987867c369e4dd2
vic_lc_2010,western-metropolitan-region,Western Metropolitan Region,"MAZZARELLA, Stephanie",DLP,274,422708,70452,https://itsitecoreblobvecprd01.blob.core.windows.net/public-files/historical-results/state2010/state2010resultwesternmetropolitanregion.html,5dc15bdf483b3dd6573b21d5c05ddb3d6eabf7bd08489d44f987867c369e4dd2
vic_lc_2010,western-metropolitan-region,Western Metropolitan Region,"BYRNE, Georga",DLP,121,422708,70452,https://itsitecoreblobvecprd01.blob.core.windows.net/public-files/historical-results/state2010/state2010resultwesternmetropolitanregion.html,5dc15bdf483b3dd6573b21d5c05ddb3d6eabf7bd08489d44f987867c369e4dd2
vic_lc_2010,western-metropolitan-region,Western Metropolitan Region,"NOTARO, Samuel",DLP,89,422708,70452,https://itsitecoreblobvecprd01.blob.core.windows.net/public-files/historical-results/state2010/state2010resultwesternmetropolitanregion.html,5dc15bdf483b3dd6573b21d5c05ddb3d6eabf7bd08489d44f987867c369e4dd2
vic_lc_2010,western-metropolitan-region,Western Metropolitan Region,"KAVANAGH, Marguerita",DLP,113,422708,70452,https://itsitecoreblobvecprd01.blob.core.windows.net/public-files/historical-results/state2010/state2010resultwesternmetropolitanregion.html,5dc15bdf483b3dd6573b21d5c05ddb3d6eabf7bd08489d44f987867c369e4dd2
vic_lc_2010,western-metropolitan-region,Western Metropolitan Region,"HARTLAND, Colleen",Greens,49287,422708,70452,https://itsitecoreblobvecprd01.blob.core.windows.net/public-files/historical-results/state2010/state2010resultwesternmetropolitanregion.html,5dc15bdf483b3dd6573b21d5c05ddb3d6eabf7bd08489d44f987867c369e4dd2
vic_lc_2010,western-metropolitan-region,Western Metropolitan Region,"HUMPHREYS, Robert Allan",Greens,429,422708,70452,https://itsitecoreblobvecprd01.blob.core.windows.net/public-files/historical-results/state2010/state2010resultwesternmetropolitanregion.html,5dc15bdf483b3dd6573b21d5c05ddb3d6eabf7bd08489d44f987867c369e4dd2
vic_lc_2010,western-metropolitan-region,Western Metropolitan Region,"INGHAM, Liz",Greens,595,422708,70452,https://itsitecoreblobvecprd01.blob.core.windows.net/public-files/historical-results/state2010/state2010resultwesternmetropolitanregion.html,5dc15bdf483b3dd6573b21d5c05ddb3d6eabf7bd08489d44f987867c369e4dd2
vic_lc_2010,western-metropolitan-region,Western Metropolitan Region,"CRAWFORD, Simon",Greens,199,422708,70452,https://itsitecoreblobvecprd01.blob.core.windows.net/public-files/historical-results/state2010/state2010resultwesternmetropolitanregion.html,5dc15bdf483b3dd6573b21d5c05ddb3d6eabf7bd08489d44f987867c369e4dd2
vic_lc_2010,western-metropolitan-region,Western Metropolitan Region,"GALE, Owen",Greens,205,422708,70452,https://itsitecoreblobvecprd01.blob.core.windows.net/public-files/historical-results/state2010/state2010resultwesternmetropolitanregion.html,5dc15bdf483b3dd6573b21d5c05ddb3d6eabf7bd08489d44f987867c369e4dd2
vic_lc_2010,western-metropolitan-region,Western Metropolitan Region,"FINN, Bernie",Liberal,123700,422708,70452,https://itsitecoreblobvecprd01.blob.core.windows.net/public-files/historical-results/state2010/state2010resultwesternmetropolitanregion.html,5dc15bdf483b3dd6573b21d5c05ddb3d6eabf7bd08489d44f987867c369e4dd2
vic_lc_2010,western-metropolitan-region,Western Metropolitan Region,"ELSBURY, Andrew",Liberal,386,422708,70452,https://itsitecoreblobvecprd01.blob.core.windows.net/public-files/historical-results/state2010/state2010resultwesternmetropolitanregion.html,5dc15bdf483b3dd6573b21d5c05ddb3d6eabf7bd08489d44f987867c369e4dd2
vic_lc_2010,western-metropolitan-region,Western Metropolitan Region,"FAIRBAIRN, Victoria",Liberal,603,422708,70452,https://itsitecoreblobvecprd01.blob.core.windows.net/public-files/historical-results/state2010/state2010resultwesternmetropolitanregion.html,5dc15bdf483b3dd6573b21d5c05ddb3d6eabf7bd08489d44f987867c369e4dd2
vic_lc_2010,western-metropolitan-region,Western Metropolitan Region,"BARTH, Jeremy",Liberal,269,422708,70452,https://itsitecoreblobvecprd01.blob.core.windows.net/public-files/historical-results/state2010/state2010resultwesternmetropolitanregion.html,5dc15bdf483b3dd6573b21d5c05ddb3d6eabf7bd08489d44f987867c369e4dd2
vic_lc_2010,western-metropolitan-region,Western Metropolitan Region,"KENNY, William",Liberal,309,422708,70452,https://itsitecoreblobvecprd01.blob.core.windows.net/public-files/historical-results/state2010/state2010resultwesternmetropolitanregion.html,5dc15bdf483b3dd6573b21d5c05ddb3d6eabf7bd08489d44f987867c369e4dd2
vic_lc_2010,western-victoria-region,Western Victoria Region,"KOCH, David",Liberal,183151,425594,70933,https://itsitecoreblobvecprd01.blob.core.windows.net/public-files/historical-results/state2010/state2010resultwesternvictoriaregion.html,2521739677e8e6765b441a61301222951d2c1adde1d928d5db69c626beb529ea
vic_lc_2010,western-victoria-region,Western Victoria Region,"RAMSAY, Simon",Liberal,330,425594,70933,https://itsitecoreblobvecprd01.blob.core.windows.net/public-files/historical-results/state2010/state2010resultwesternvictoriaregion.html,2521739677e8e6765b441a61301222951d2c1adde1d928d5db69c626beb529ea
vic_lc_2010,western-victoria-region,Western Victoria Region,"O'BRIEN, David",Nationals,412,425594,70933,https://itsitecoreblobvecprd01.blob.core.windows.net/public-files/historical-results/state2010/state2010resultwesternvictoriaregion.html,2521739677e8e6765b441a61301222951d2c1adde1d928d5db69c626beb529ea
vic_lc_2010,western-victoria-region,Western Victoria Region,"DOW, Melanie",Liberal,334,425594,70933,https://itsitecoreblobvecprd01.blob.core.windows.net/public-files/historical-results/state2010/state2010resultwesternvictoriaregion.html,2521739677e8e6765b441a61301222951d2c1adde1d928d5db69c626beb529ea
vic_lc_2010,western-victoria-region,Western Victoria Region,"CAMERON, Ruby",Nationals,219,425594,70933,https://itsitecoreblobvecprd01.blob.core.windows.net/public-files/historical-results/state2010/state2010resultwesternvictoriaregion.html,2521739677e8e6765b441a61301222951d2c1adde1d928d5db69c626beb529ea
vic_lc_2010,western-victoria-region,Western Victoria Region,"REIMER, Joshua",FAMILY FIRST,13858,425594,70933,https://itsitecoreblobvecprd01.blob.core.windows.net/public-files/historical-results/state2010/state2010resultwesternvictoriaregion.html,2521739677e8e6765b441a61301222951d2c1adde1d928d5db69c626beb529ea
vic_lc_2010,western-victoria-region,Western Victoria Region,"PRESSER, Graeme",FAMILY FIRST,103,425594,70933,https://itsitecoreblobvecprd01.blob.core.windows.net/public-files/historical-results/state2010/state2010resultwesternvictoriaregion.html,2521739677e8e6765b441a61301222951d2c1adde1d928d5db69c626beb529ea
vic_lc_2010,western-victoria-region,Western Victoria Region,"PEARCE, Trevor",FAMILY FIRST,83,425594,70933,https://itsitecoreblobvecprd01.blob.core.windows.net/public-files/historical-results/state2010/state2010resultwesternvictoriaregion.html,2521739677e8e6765b441a61301222951d2c1adde1d928d5db69c626beb529ea
vic_lc_2010,western-victoria-region,Western Victoria Region,"CONCEPCION, Jahzeel",FAMILY FIRST,57,425594,70933,https://itsitecoreblobvecprd01.blob.core.windows.net/public-files/historical-results/state2010/state2010resultwesternvictoriaregion.html,2521739677e8e6765b441a61301222951d2c1adde1d928d5db69c626beb529ea
vic_lc_2010,western-victoria-region,Western Victoria Region,"RAINEY, Jim",FAMILY FIRST,64,425594,70933,https://itsitecoreblobvecprd01.blob.core.windows.net/public-files/historical-results/state2010/state2010resultwesternvictoriaregion.html,2521739677e8e6765b441a61301222951d2c1adde1d928d5db69c626beb529ea
vic_lc_2010,western-victoria-region,Western Victoria Region,"PULFORD, Jaala",ALP,161694,425594,70933,https://itsitecoreblobvecprd01.blob.core.windows.net/public-files/historical-results/state2010/state2010resultwesternvictoriaregion.html,2521739677e8e6765b441a61301222951d2c1adde1d928d5db69c626beb529ea
vic_lc_2010,western-victoria-region,Western Victoria Region,"TIERNEY, Gayle",ALP,538,425594,70933,https://itsitecoreblobvecprd01.blob.core.windows.net/public-files/historical-results/state2010/state2010resultwesternvictoriaregion.html,2521739677e8e6765b441a61301222951d2c1adde1d928d5db69c626beb529ea
vic_lc_2010,western-victoria-region,Western Victoria Region,"MORROW, Richard",ALP,302,425594,70933,https://itsitecoreblobvecprd01.blob.core.windows.net/public-files/historical-results/state2010/state2010resultwesternvictoriaregion.html,2521739677e8e6765b441a61301222951d2c1adde1d928d5db69c626beb529ea
vic_lc_2010,western-victoria-region,Western Victoria Region,"DAWSON, Geoff",ALP,148,425594,70933,https://itsitecoreblobvecprd01.blob.core.windows.net/public-files/historical-results/state2010/state2010resultwesternvictoriaregion.html,2521739677e8e6765b441a61301222951d2c1adde1d928d5db69c626beb529ea
vic_lc_2010,western-victoria-region,Western Victoria Region,"ROMAS, Paul",ALP,125,425594,70933,https://itsitecoreblobvecprd01.blob.core.windows.net/public-files/historical-results/state2010/state2010resultwesternvictoriaregion.html,2521739677e8e6765b441a61301222951d2c1adde1d928d5db69c626beb529ea
vic_lc_2010,western-victoria-region,Western Victoria Region,"KAVANAGH, Peter",DLP,9090,425594,70933,https://itsitecoreblobvecprd01.blob.core.windows.net/public-files/historical-results/state2010/state2010resultwesternvictoriaregion.html,2521739677e8e6765b441a61301222951d2c1adde1d928d5db69c626beb529ea
vic_lc_2010,western-victoria-region,Western Victoria Region,"CAMPBELL, Steve",DLP,52,425594,70933,https://itsitecoreblobvecprd01.blob.core.windows.net/public-files/historical-results/state2010/state2010resultwesternvictoriaregion.html,2521739677e8e6765b441a61301222951d2c1adde1d928d5db69c626beb529ea
vic_lc_2010,western-victoria-region,Western Victoria Region,"BYRNE, Jane",DLP,38,425594,70933,https://itsitecoreblobvecprd01.blob.core.windows.net/public-files/historical-results/state2010/state2010resultwesternvictoriaregion.html,2521739677e8e6765b441a61301222951d2c1adde1d928d5db69c626beb529ea
vic_lc_2010,western-victoria-region,Western Victoria Region,"MAZZARELLA, Maria",DLP,24,425594,70933,https://itsitecoreblobvecprd01.blob.core.windows.net/public-files/historical-results/state2010/state2010resultwesternvictoriaregion.html,2521739677e8e6765b441a61301222951d2c1adde1d928d5db69c626beb529ea
vic_lc_2010,western-victoria-region,Western Victoria Region,"CROCKETT, Max",DLP,48,425594,70933,https://itsitecoreblobvecprd01.blob.core.windows.net/public-files/historical-results/state2010/state2010resultwesternvictoriaregion.html,2521739677e8e6765b441a61301222951d2c1adde1d928d5db69c626beb529ea
vic_lc_2010,western-victoria-region,Western Victoria Region,"WARD, Marcus",Greens,42296,425594,70933,https://itsitecoreblobvecprd01.blob.core.windows.net/public-files/historical-results/state2010/state2010resultwesternvictoriaregion.html,2521739677e8e6765b441a61301222951d2c1adde1d928d5db69c626beb529ea
vic_lc_2010,western-victoria-region,Western Victoria Region,"CAMERON, Judy",Greens,240,425594,70933,https://itsitecoreblobvecprd01.blob.core.windows.net/public-files/historical-results/state2010/state2010resultwesternvictoriaregion.html,2521739677e8e6765b441a61301222951d2c1adde1d928d5db69c626beb529ea
vic_lc_2010,western-victoria-region,Western Victoria Region,"BLAKKARLY, Jamal",Greens,384,425594,70933,https://itsitecoreblobvecprd01.blob.core.windows.net/public-files/historical-results/state2010/state2010resultwesternvictoriaregion.html,2521739677e8e6765b441a61301222951d2c1adde1d928d5db69c626beb529ea
vic_lc_2010,western-victoria-region,Western Victoria Region,"PERRON, Susan",Greens,312,425594,70933,https://itsitecoreblobvecprd01.blob.core.windows.net/public-files/historical-results/state2010/state2010resultwesternvictoriaregion.html,2521739677e8e6765b441a61301222951d2c1adde1d928d5db69c626beb529ea
vic_lc_2010,western-victoria-region,Western Victoria Region,"CHRISTIE, Jean",Greens,293,425594,70933,https://itsitecoreblobvecprd01.blob.core.windows.net/public-files/historical-results/state2010/state2010resultwesternvictoriaregion.html,2521739677e8e6765b441a61301222951d2c1adde1d928d5db69c626beb529ea
vic_lc_2010,western-victoria-region,Western Victoria Region,"HODGE, Miles",CA,11275,425594,70933,https://itsitecoreblobvecprd01.blob.core.windows.net/public-files/historical-results/state2010/state2010resultwesternvictoriaregion.html,2521739677e8e6765b441a61301222951d2c1adde1d928d5db69c626beb529ea
vic_lc_2010,western-victoria-region,Western Victoria Region,"HEATH, Ron",CA,124,425594,70933,https://itsitecoreblobvecprd01.blob.core.windows.net/public-files/historical-results/state2010/state2010resultwesternvictoriaregion.html,2521739677e8e6765b441a61301222951d2c1adde1d928d5db69c626beb529ea
